sample_id,label,stage,status,max_abs_diff,mean_abs_diff,cosine_similarity
sample_0001,silence,fft,PASS,7.275957614183426e-12,2.4119649231031695e-13,0.9999999999999847
sample_0001,silence,mel,PASS,1.4551915228366852e-11,4.403401976107974e-13,0.9999999999999928
sample_0001,silence,log,PASS,9.5367431640625e-07,7.86368209536713e-08,0.9999999999999997
sample_0001,silence,normalize,PASS,2.384185791015625e-07,1.6634712124815083e-08,0.9999999999999988
sample_0002,silence,fft,PASS,7.450580596923828e-09,1.793056141021912e-11,0.9999999999999951
sample_0002,silence,mel,PASS,7.450580596923828e-09,3.989758468597781e-11,0.9999999999999927
sample_0002,silence,log,PASS,3.814697265625e-06,1.576793665933137e-07,0.9999999999999996
sample_0002,silence,normalize,PASS,7.748603820800781e-07,3.2671318921988994e-08,0.9999999999999909
sample_0003,silence,fft,PASS,1.9073486328125e-06,1.641016485124321e-07,0.9999999999999812
sample_0003,silence,mel,PASS,3.814697265625e-06,2.76985341734322e-07,0.9999999999999943
sample_0003,silence,log,PASS,6.198883056640625e-06,1.4721768316616868e-07,0.999999999999983
sample_0003,silence,normalize,PASS,1.2852251529693604e-06,3.167937537378604e-08,0.9999999999999994
sample_0004,silence,fft,PASS,4.6566128730773926e-09,2.106968927249396e-11,0.9999999999999906
sample_0004,silence,mel,PASS,3.725290298461914e-09,4.894693451431652e-11,0.9999999999999907
sample_0004,silence,log,PASS,2.86102294921875e-06,1.9017422553336266e-07,1.0000000000000004
sample_0004,silence,normalize,PASS,5.960464477539062e-07,3.940106706907743e-08,0.9999999999999893
sample_0005,silence,fft,PASS,0.00048828125,6.296339243526087e-07,0.9999999999999943
sample_0005,silence,mel,PASS,6.103515625e-05,8.585242053728993e-07,0.9999999999999907
sample_0005,silence,log,PASS,3.910064697265625e-05,1.7242345535069575e-07,0.9999999999999346
sample_0005,silence,normalize,PASS,8.11740756034851e-06,3.55764070876164e-08,0.9999999999999969
sample_0006,silence,fft,PASS,0.0009765625,1.9355195233970104e-06,0.9999999999999951
sample_0006,silence,mel,PASS,0.00030517578125,2.8162007450614826e-06,0.9999999999999858
sample_0006,silence,log,PASS,5.4836273193359375e-06,1.5919489093300067e-07,0.999999999999995
sample_0006,silence,normalize,PASS,1.1920928955078125e-06,3.3739696044733026e-08,0.9999999999999992
sample_0007,silence,fft,PASS,0.00048828125,7.429319617805114e-07,0.9999999999999898
sample_0007,silence,mel,PASS,9.1552734375e-05,1.0081427114195015e-06,0.9999999999999892
sample_0007,silence,log,PASS,8.58306884765625e-06,1.6486237564995553e-07,0.9999999999999857
sample_0007,silence,normalize,PASS,1.7881393432617188e-06,3.326020323403991e-08,0.9999999999999984
sample_0008,silence,fft,PASS,1.9073486328125e-05,1.5352585994513136e-06,0.9999999999999817
sample_0008,silence,mel,PASS,3.0517578125e-05,2.5845550739501446e-06,0.9999999999999946
sample_0008,silence,log,PASS,8.58306884765625e-06,1.476391033894189e-07,0.9999999999999969
sample_0008,silence,normalize,PASS,1.7583370208740234e-06,3.096878085986222e-08,0.9999999999999999
sample_0009,silence,fft,PASS,2.86102294921875e-06,2.0062296094754118e-07,0.999999999999981
sample_0009,silence,mel,PASS,3.814697265625e-06,3.322334798735262e-07,0.9999999999999952
sample_0009,silence,log,PASS,4.291534423828125e-06,1.457386736000847e-07,0.9999999999999865
sample_0009,silence,normalize,PASS,8.940696716308594e-07,3.083507613380357e-08,0.9999999999999996
sample_0010,silence,fft,PASS,2.9802322387695312e-08,4.795365418973493e-10,0.9999999999999847
sample_0010,silence,mel,PASS,2.2351741790771484e-08,9.291923534235165e-10,0.9999999999999913
sample_0010,silence,log,PASS,1.9073486328125e-06,1.4119219071794265e-07,0.9999999999999997
sample_0010,silence,normalize,PASS,3.986060619354248e-07,2.9319615391208986e-08,0.9999999999999913
sample_0011,silence,fft,PASS,0.0009765625,1.6623037469839776e-06,0.9999999999999937
sample_0011,silence,mel,PASS,0.000244140625,1.934405397808198e-06,0.9999999999999902
sample_0011,silence,log,PASS,2.5033950805664062e-06,1.7432939126583823e-07,0.9999999999999938
sample_0011,silence,normalize,PASS,5.960464477539062e-07,3.6773410173926026e-08,0.9999999999999987
sample_0012,silence,fft,PASS,4.76837158203125e-07,9.080170804615209e-09,0.9999999999999862
sample_0012,silence,mel,PASS,4.76837158203125e-07,2.0438538500808263e-08,0.9999999999999911
sample_0012,silence,log,PASS,1.430511474609375e-05,1.8219365265755224e-07,0.9999999999999937
sample_0012,silence,normalize,PASS,2.9802322387695312e-06,3.759797067741061e-08,0.9999999999999963
sample_0013,silence,fft,PASS,1.52587890625e-05,5.841279611749785e-08,0.9999999999999934
sample_0013,silence,mel,PASS,1.52587890625e-05,1.1136828471526405e-07,0.9999999999999959
sample_0013,silence,log,PASS,8.58306884765625e-06,1.7830447321481044e-07,0.9999999999999966
sample_0013,silence,normalize,PASS,1.7881393432617188e-06,3.734374439601998e-08,0.9999999999999977
sample_0014,silence,fft,PASS,5.820766091346741e-11,5.936573252819068e-13,0.9999999999999856
sample_0014,silence,mel,PASS,4.3655745685100555e-11,1.1924726882507221e-12,0.9999999999999891
sample_0014,silence,log,PASS,9.5367431640625e-07,1.0888175208969872e-07,0.9999999999999997
sample_0014,silence,normalize,PASS,2.384185791015625e-07,2.2863508156030484e-08,0.9999999999999981
sample_0015,silence,fft,PASS,1.9073486328125e-06,4.598669157737531e-09,0.9999999999999852
sample_0015,silence,mel,PASS,1.430511474609375e-06,8.939041841171778e-09,0.9999999999999893
sample_0015,silence,log,PASS,4.291534423828125e-06,1.3998654292951715e-07,0.9999999999999972
sample_0015,silence,normalize,PASS,8.940696716308594e-07,2.8984389489166217e-08,0.9999999999999978
sample_0016,silence,fft,PASS,9.313225746154785e-10,1.4879237234241103e-11,0.9999999999999851
sample_0016,silence,mel,PASS,1.3969838619232178e-09,2.874640899357032e-11,0.9999999999999919
sample_0016,silence,log,PASS,1.9073486328125e-06,1.5151972817902517e-07,1.0
sample_0016,silence,normalize,PASS,4.172325134277344e-07,3.134097130554221e-08,0.9999999999999903
sample_0017,silence,fft,PASS,1.1444091796875e-05,2.8115142761752594e-08,0.999999999999989
sample_0017,silence,mel,PASS,1.52587890625e-05,6.717639316978213e-08,0.9999999999999912
sample_0017,silence,log,PASS,1.239776611328125e-05,1.8563342915639272e-07,0.9999999999999906
sample_0017,silence,normalize,PASS,2.562999725341797e-06,3.8813775990822233e-08,0.9999999999999961
sample_0018,silence,fft,PASS,3.0517578125e-05,1.7776373075424537e-06,0.9999999999999819
sample_0018,silence,mel,PASS,4.57763671875e-05,3.0702180767980505e-06,0.9999999999999942
sample_0018,silence,log,PASS,7.152557373046875e-06,1.475012023808748e-07,0.9999999999999971
sample_0018,silence,normalize,PASS,1.4901161193847656e-06,3.125924285095517e-08,0.9999999999999998
sample_0019,silence,fft,PASS,2.86102294921875e-06,7.645452003751141e-08,0.9999999999999843
sample_0019,silence,mel,PASS,4.76837158203125e-06,1.363302121402253e-07,0.9999999999999943
sample_0019,silence,log,PASS,6.67572021484375e-06,1.6228280554348048e-07,0.9999999999999832
sample_0019,silence,normalize,PASS,1.385807991027832e-06,3.4171931150526104e-08,0.9999999999999994
sample_0020,silence,fft,PASS,0.000732421875,1.1377707342482246e-06,0.9999999999999943
sample_0020,silence,mel,PASS,0.000244140625,1.4956925285629706e-06,0.9999999999999855
sample_0020,silence,log,PASS,2.384185791015625e-06,1.6526595717019374e-07,0.9999999999999909
sample_0020,silence,normalize,PASS,4.76837158203125e-07,3.4505040338723966e-08,0.9999999999999988
sample_0021,silence,fft,PASS,3.814697265625e-06,9.732557433176863e-08,0.9999999999999845
sample_0021,silence,mel,PASS,3.814697265625e-06,1.739827254850482e-07,0.9999999999999938
sample_0021,silence,log,PASS,3.814697265625e-06,1.6838548347523373e-07,0.9999999999999836
sample_0021,silence,normalize,PASS,8.046627044677734e-07,3.565507387687074e-08,0.9999999999999996
sample_0022,silence,fft,PASS,5.587935447692871e-09,6.747429702988775e-11,0.9999999999999896
sample_0022,silence,mel,PASS,7.450580596923828e-09,1.3030008974980508e-10,0.9999999999999956
sample_0022,silence,log,PASS,4.76837158203125e-06,1.5222052536388434e-07,0.9999999999999991
sample_0022,silence,normalize,PASS,1.0728836059570312e-06,3.1668519969202004e-08,0.9999999999999688
sample_0023,silence,fft,PASS,9.5367431640625e-07,2.5172603061386043e-09,0.9999999999999916
sample_0023,silence,mel,PASS,9.5367431640625e-07,5.469740532891304e-09,0.9999999999999932
sample_0023,silence,log,PASS,5.7220458984375e-06,1.56460895830083e-07,0.999999999999999
sample_0023,silence,normalize,PASS,1.1920928955078125e-06,3.234235648933733e-08,0.9999999999999963
sample_0024,silence,fft,PASS,1.9073486328125e-05,1.029630431720372e-06,0.9999999999999807
sample_0024,silence,mel,PASS,2.288818359375e-05,1.7516585562544147e-06,0.9999999999999944
sample_0024,silence,log,PASS,3.0994415283203125e-06,1.479178826509206e-07,0.9999999999999971
sample_0024,silence,normalize,PASS,7.152557373046875e-07,3.1028717461198864e-08,0.9999999999999997
sample_0025,silence,fft,PASS,3.5762786865234375e-07,1.3739273674145229e-08,0.999999999999984
sample_0025,silence,mel,PASS,5.960464477539062e-07,2.5185037281183815e-08,0.9999999999999929
sample_0025,silence,log,PASS,7.62939453125e-06,1.6928927357409997e-07,0.9999999999999944
sample_0025,silence,normalize,PASS,1.6093254089355469e-06,3.4620393082582494e-08,0.9999999999999983
sample_0026,silence,fft,PASS,0.000244140625,4.558738752566639e-07,0.9999999999999925
sample_0026,silence,mel,PASS,7.62939453125e-05,6.851888870322468e-07,0.9999999999999877
sample_0026,silence,log,PASS,2.384185791015625e-06,1.5930902351317511e-07,0.9999999999999851
sample_0026,silence,normalize,PASS,4.76837158203125e-07,3.359215979528899e-08,0.9999999999999992
sample_0027,silence,fft,PASS,1.430511474609375e-06,1.1380753012360803e-08,0.9999999999999871
sample_0027,silence,mel,PASS,1.430511474609375e-06,2.5827658322272652e-08,0.9999999999999899
sample_0027,silence,log,PASS,6.67572021484375e-06,1.6908547472171853e-07,0.9999999999999958
sample_0027,silence,normalize,PASS,1.430511474609375e-06,3.5547375296343964e-08,0.9999999999999976
sample_0028,silence,fft,PASS,0.001953125,1.9040597914340075e-06,0.9999999999999898
sample_0028,silence,mel,PASS,0.0003662109375,2.4456830492409148e-06,0.9999999999999888
sample_0028,silence,log,PASS,5.4836273193359375e-06,1.6851404190206403e-07,0.9999999999999941
sample_0028,silence,normalize,PASS,1.0728836059570312e-06,3.5132069398861123e-08,0.9999999999999988
sample_0029,silence,fft,PASS,2.980232238769531e-07,9.665855377882596e-09,0.9999999999999831
sample_0029,silence,mel,PASS,2.384185791015625e-07,1.8728765143899443e-08,0.9999999999999921
sample_0029,silence,log,PASS,3.814697265625e-06,1.3611058267709422e-07,0.9999999999999972
sample_0029,silence,normalize,PASS,7.897615432739258e-07,2.7853230217305742e-08,0.9999999999999987
sample_0030,silence,fft,PASS,4.76837158203125e-07,3.800423973113331e-09,0.9999999999999865
sample_0030,silence,mel,PASS,4.76837158203125e-07,7.393915024799258e-09,0.9999999999999907
sample_0030,silence,log,PASS,4.76837158203125e-06,1.381676976043399e-07,0.9999999999999983
sample_0030,silence,normalize,PASS,9.98377799987793e-07,2.8222863271943117e-08,0.9999999999999978
sample_0031,silence,fft,PASS,5.960464477539063e-08,4.542042370453966e-10,0.9999999999999902
sample_0031,silence,mel,PASS,5.960464477539063e-08,1.2293616246007322e-09,0.999999999999989
sample_0031,silence,log,PASS,6.67572021484375e-06,2.664320244647489e-07,1.0
sample_0031,silence,normalize,PASS,1.4007091522216797e-06,5.527068302705296e-08,0.99999999999997
sample_0032,silence,fft,PASS,9.5367431640625e-06,5.072933871211755e-07,0.9999999999999805
sample_0032,silence,mel,PASS,1.52587890625e-05,8.549101075554027e-07,0.9999999999999939
sample_0032,silence,log,PASS,6.198883056640625e-06,1.4322819816418878e-07,0.9999999999999942
sample_0032,silence,normalize,PASS,1.3113021850585938e-06,2.868196899347966e-08,0.9999999999999994
sample_0033,silence,fft,PASS,2.384185791015625e-07,1.6116538434093912e-09,0.9999999999999895
sample_0033,silence,mel,PASS,1.7881393432617188e-07,3.930886753614056e-09,0.9999999999999922
sample_0033,silence,log,PASS,2.384185791015625e-06,2.2325245778786368e-07,0.9999999999999989
sample_0033,silence,normalize,PASS,4.954636096954346e-07,4.6360233988374295e-08,0.9999999999999909
sample_0034,silence,fft,PASS,4.470348358154297e-08,7.449994807665023e-10,0.999999999999987
sample_0034,silence,mel,PASS,4.470348358154297e-08,1.616425776507774e-09,0.9999999999999917
sample_0034,silence,log,PASS,1.1444091796875e-05,1.8288962321706336e-07,0.9999999999999981
sample_0034,silence,normalize,PASS,2.2649765014648438e-06,3.769618710030405e-08,0.9999999999999868
sample_0035,silence,fft,PASS,9.5367431640625e-07,2.581806406996893e-08,0.9999999999999838
sample_0035,silence,mel,PASS,1.430511474609375e-06,4.6831263883330683e-08,0.9999999999999936
sample_0035,silence,log,PASS,1.52587890625e-05,1.6369119861121705e-07,0.9999999999999903
sample_0035,silence,normalize,PASS,3.159046173095703e-06,3.375442805792214e-08,0.9999999999999987
sample_0036,silence,fft,PASS,1.52587890625e-05,7.017019487414399e-07,0.9999999999999798
sample_0036,silence,mel,PASS,1.9073486328125e-05,1.1890922473642126e-06,0.9999999999999944
sample_0036,silence,log,PASS,4.76837158203125e-06,1.4447070300028114e-07,0.9999999999999964
sample_0036,silence,normalize,PASS,9.834766387939453e-07,2.9000094031343364e-08,0.9999999999999997
sample_0037,silence,fft,PASS,3.5762786865234375e-07,3.983983983427175e-09,0.9999999999999887
sample_0037,silence,mel,PASS,3.5762786865234375e-07,9.181574699654772e-09,0.9999999999999919
sample_0037,silence,log,PASS,2.384185791015625e-06,1.7449164630252738e-07,0.9999999999999994
sample_0037,silence,normalize,PASS,4.954636096954346e-07,3.575492018630894e-08,0.9999999999999962
sample_0038,silence,fft,PASS,3.814697265625e-05,2.6007704302133844e-06,0.9999999999999813
sample_0038,silence,mel,PASS,6.103515625e-05,4.3188499535738245e-06,0.9999999999999947
sample_0038,silence,log,PASS,8.106231689453125e-06,1.4711525245099374e-07,0.9999999999999979
sample_0038,silence,normalize,PASS,1.6689300537109375e-06,3.0143499964534646e-08,0.9999999999999999
sample_0039,silence,fft,PASS,1.1920928955078125e-07,3.6151433040789775e-09,0.9999999999999867
sample_0039,silence,mel,PASS,1.1920928955078125e-07,7.178645057930487e-09,0.9999999999999919
sample_0039,silence,log,PASS,4.76837158203125e-06,1.4050695399689202e-07,0.9999999999999974
sample_0039,silence,normalize,PASS,1.0132789611816406e-06,2.8799969177361172e-08,0.9999999999999977
sample_0040,silence,fft,PASS,0.00146484375,1.5860286381969371e-06,0.9999999999999926
sample_0040,silence,mel,PASS,0.000244140625,1.8174483413153356e-06,0.9999999999999909
sample_0040,silence,log,PASS,4.172325134277344e-06,1.7300008399651784e-07,0.9999999999999902
sample_0040,silence,normalize,PASS,9.5367431640625e-07,3.610949705142786e-08,0.9999999999999984
sample_0041,silence,fft,PASS,2.288818359375e-05,1.5667715961177156e-06,0.9999999999999818
sample_0041,silence,mel,PASS,3.0517578125e-05,2.6676132998401577e-06,0.999999999999995
sample_0041,silence,log,PASS,1.0013580322265625e-05,1.4704905744552115e-07,0.9999999999999963
sample_0041,silence,normalize,PASS,2.0563602447509766e-06,3.062760328302289e-08,0.9999999999999996
sample_0042,silence,fft,PASS,5.7220458984375e-06,5.115398356401467e-07,0.9999999999999808
sample_0042,silence,mel,PASS,1.1444091796875e-05,8.805133964613399e-07,0.9999999999999942
sample_0042,silence,log,PASS,5.626678466796875e-05,1.593291719725337e-07,0.9999999999999307
sample_0042,silence,normalize,PASS,1.1682510375976562e-05,3.295187552524085e-08,0.999999999999996
sample_0043,unknown,fft,PASS,0.0001220703125,1.6941729508078897e-07,0.999999999999996
sample_0043,unknown,mel,PASS,0.0001220703125,4.6582687212092694e-07,0.9999999999999967
sample_0043,unknown,log,PASS,0.000148773193359375,2.8689758950673818e-06,0.9999999999994469
sample_0043,unknown,normalize,PASS,3.0875205993652344e-05,5.952237388825806e-07,0.9999999999984971
sample_0044,unknown,fft,PASS,1.9073486328125e-06,4.962912736004299e-09,0.99999999999999
sample_0044,unknown,mel,PASS,1.9073486328125e-06,1.1097962896301814e-08,0.9999999999999953
sample_0044,unknown,log,PASS,2.47955322265625e-05,3.8748148293925986e-07,0.9999999999999907
sample_0044,unknown,normalize,PASS,5.125999450683594e-06,8.082537137267023e-08,0.9999999999999416
sample_0045,unknown,fft,PASS,3.0517578125e-05,4.8479963342248976e-08,0.9999999999999952
sample_0045,unknown,mel,PASS,3.0517578125e-05,1.288692574434825e-07,0.9999999999999954
sample_0045,unknown,log,PASS,0.00011730194091796875,8.196956613492958e-07,0.9999999999999417
sample_0045,unknown,normalize,PASS,2.4378299713134766e-05,1.7031467541894224e-07,0.9999999999996959
sample_0046,unknown,fft,PASS,0.0001220703125,6.963315253601556e-08,0.999999999999993
sample_0046,unknown,mel,PASS,0.0001220703125,1.6887861807161333e-07,0.9999999999999947
sample_0046,unknown,log,PASS,0.00037384033203125,2.033336665527434e-06,0.9999999999990361
sample_0046,unknown,normalize,PASS,7.76052474975586e-05,4.2203151850225197e-07,0.9999999999961167
sample_0047,unknown,fft,PASS,1.52587890625e-05,1.5542865245512568e-08,0.9999999999999942
sample_0047,unknown,mel,PASS,1.1444091796875e-05,4.613381620506219e-08,0.9999999999999939
sample_0047,unknown,log,PASS,7.915496826171875e-05,1.664099394168594e-06,0.9999999999998205
sample_0047,unknown,normalize,PASS,1.6450881958007812e-05,3.449167391832222e-07,0.9999999999991472
sample_0048,unknown,fft,PASS,6.103515625e-05,9.918499970541822e-08,0.9999999999999929
sample_0048,unknown,mel,PASS,4.57763671875e-05,2.387100829622164e-07,0.999999999999994
sample_0048,unknown,log,PASS,3.337860107421875e-05,4.748960623821926e-07,0.9999999999999838
sample_0048,unknown,normalize,PASS,6.9141387939453125e-06,9.904400116337826e-08,0.9999999999999332
sample_0049,unknown,fft,PASS,2.288818359375e-05,4.512349344915945e-08,0.9999999999999901
sample_0049,unknown,mel,PASS,1.52587890625e-05,9.260305749613955e-08,0.9999999999999959
sample_0049,unknown,log,PASS,0.00018405914306640625,9.594726422916876e-07,0.9999999999998067
sample_0049,unknown,normalize,PASS,3.826618194580078e-05,1.9930957752858557e-07,0.999999999999198
sample_0050,unknown,fft,PASS,4.57763671875e-05,1.1071759028013399e-07,0.9999999999999898
sample_0050,unknown,mel,PASS,4.57763671875e-05,2.857021341693213e-07,0.9999999999999911
sample_0050,unknown,log,PASS,0.00022411346435546875,1.112812404442431e-06,0.9999999999998307
sample_0050,unknown,normalize,PASS,4.661083221435547e-05,2.3067083686940592e-07,0.9999999999994109
sample_0051,unknown,fft,PASS,5.960464477539062e-07,1.5797745862530418e-09,0.999999999999993
sample_0051,unknown,mel,PASS,4.76837158203125e-07,3.873715922288671e-09,0.9999999999999962
sample_0051,unknown,log,PASS,5.7220458984375e-06,2.3445282200591105e-07,0.9999999999999981
sample_0051,unknown,normalize,PASS,1.1920928955078125e-06,4.887228142972234e-08,0.9999999999999756
sample_0052,unknown,fft,PASS,9.5367431640625e-07,2.9595277333181958e-09,0.9999999999999944
sample_0052,unknown,mel,PASS,9.5367431640625e-07,7.10719971324059e-09,0.999999999999995
sample_0052,unknown,log,PASS,6.389617919921875e-05,5.460494528708998e-07,0.9999999999999781
sample_0052,unknown,normalize,PASS,1.3232231140136719e-05,1.1326118069383925e-07,0.9999999999998443
sample_0053,unknown,fft,PASS,9.1552734375e-05,1.4301473322614e-07,0.9999999999999926
sample_0053,unknown,mel,PASS,0.0001220703125,3.519223654845152e-07,0.9999999999999938
sample_0053,unknown,log,PASS,8.106231689453125e-05,7.205842596497202e-07,0.9999999999999282
sample_0053,unknown,normalize,PASS,1.6868114471435547e-05,1.500614569810597e-07,0.9999999999997795
sample_0054,unknown,fft,PASS,3.0517578125e-05,1.5870010604169334e-08,0.9999999999999927
sample_0054,unknown,mel,PASS,2.288818359375e-05,4.332403304314768e-08,0.9999999999999937
sample_0054,unknown,log,PASS,0.0001010894775390625,1.4589000775321447e-06,0.9999999999998757
sample_0054,unknown,normalize,PASS,2.09808349609375e-05,3.033144124775291e-07,0.999999999999319
sample_0055,unknown,fft,PASS,2.288818359375e-05,2.7197484484694504e-08,0.9999999999999922
sample_0055,unknown,mel,PASS,1.52587890625e-05,7.527170279814473e-08,0.9999999999999933
sample_0055,unknown,log,PASS,6.103515625e-05,8.22296942264939e-07,0.9999999999999318
sample_0055,unknown,normalize,PASS,1.2636184692382812e-05,1.7077863868498843e-07,0.9999999999996445
sample_0056,unknown,fft,PASS,0.0001220703125,2.6868435995021626e-07,0.9999999999999913
sample_0056,unknown,mel,PASS,0.0001220703125,7.10843816981214e-07,0.999999999999993
sample_0056,unknown,log,PASS,0.00040912628173828125,4.572870851250015e-06,0.9999999999980833
sample_0056,unknown,normalize,PASS,8.487701416015625e-05,9.495343595580658e-07,0.9999999999948157
sample_0057,unknown,fft,PASS,7.62939453125e-06,2.9383391007281408e-08,0.9999999999999928
sample_0057,unknown,mel,PASS,1.52587890625e-05,6.95050691984665e-08,0.9999999999999946
sample_0057,unknown,log,PASS,3.4332275390625e-05,4.4269865323411355e-07,0.9999999999999829
sample_0057,unknown,normalize,PASS,7.092952728271484e-06,9.231252358341128e-08,0.9999999999999162
sample_0058,unknown,fft,PASS,2.288818359375e-05,2.9773598440603024e-08,0.9999999999999925
sample_0058,unknown,mel,PASS,2.288818359375e-05,8.529118725258142e-08,0.9999999999999913
sample_0058,unknown,log,PASS,4.100799560546875e-05,9.244859479667416e-07,0.9999999999999369
sample_0058,unknown,normalize,PASS,8.52346420288086e-06,1.9194420127689118e-07,0.9999999999997006
sample_0059,unknown,fft,PASS,3.814697265625e-06,6.668143915985697e-09,0.9999999999999912
sample_0059,unknown,mel,PASS,3.814697265625e-06,1.5741900565681022e-08,0.9999999999999931
sample_0059,unknown,log,PASS,3.337860107421875e-05,2.4564230830712925e-07,0.9999999999999964
sample_0059,unknown,normalize,PASS,6.9141387939453125e-06,5.12096833760849e-08,0.9999999999999872
sample_0060,unknown,fft,PASS,3.814697265625e-06,5.516376460085313e-09,0.9999999999999936
sample_0060,unknown,mel,PASS,3.814697265625e-06,1.3799117974790261e-08,0.9999999999999942
sample_0060,unknown,log,PASS,8.0108642578125e-05,6.886221304775612e-07,0.9999999999999626
sample_0060,unknown,normalize,PASS,1.6629695892333984e-05,1.4306366967214826e-07,0.9999999999998016
sample_0061,unknown,fft,PASS,0.0003662109375,8.119058675924636e-07,0.9999999999999899
sample_0061,unknown,mel,PASS,0.000244140625,1.761881762312107e-06,0.9999999999999913
sample_0061,unknown,log,PASS,0.0004930496215820312,2.6315242619170707e-06,0.9999999999976229
sample_0061,unknown,normalize,PASS,0.0001024007797241211,5.458198910052335e-07,0.9999999999950737
sample_0062,unknown,fft,PASS,1.1444091796875e-05,1.1672415156118001e-08,0.9999999999999892
sample_0062,unknown,mel,PASS,1.1444091796875e-05,2.8958206538968818e-08,0.9999999999999911
sample_0062,unknown,log,PASS,7.343292236328125e-05,1.1985365484061992e-06,0.999999999999914
sample_0062,unknown,normalize,PASS,1.52587890625e-05,2.487790114551755e-07,0.9999999999996023
sample_0063,unknown,fft,PASS,0.0001220703125,1.2305670694544654e-07,0.9999999999999939
sample_0063,unknown,mel,PASS,0.0001220703125,3.370638871819923e-07,0.9999999999999944
sample_0063,unknown,log,PASS,0.00029468536376953125,1.9443136041823746e-06,0.99999999999941
sample_0063,unknown,normalize,PASS,6.115436553955078e-05,4.032863318012586e-07,0.9999999999985983
sample_0064,unknown,fft,PASS,4.57763671875e-05,8.795351483694286e-08,0.9999999999999916
sample_0064,unknown,mel,PASS,3.0517578125e-05,2.4520689554078127e-07,0.9999999999999918
sample_0064,unknown,log,PASS,0.0001087188720703125,2.9895536049435117e-06,0.9999999999995157
sample_0064,unknown,normalize,PASS,2.2590160369873047e-05,6.209329377711718e-07,0.999999999998217
sample_0065,unknown,fft,PASS,0.00018310546875,3.2801628975564416e-07,0.9999999999999887
sample_0065,unknown,mel,PASS,0.0001220703125,7.415085490355883e-07,0.999999999999993
sample_0065,unknown,log,PASS,6.008148193359375e-05,1.506662439430446e-06,0.9999999999998803
sample_0065,unknown,normalize,PASS,1.2516975402832031e-05,3.1320906028929247e-07,0.9999999999996895
sample_0066,unknown,fft,PASS,9.1552734375e-05,1.5128494706123753e-07,0.9999999999999947
sample_0066,unknown,mel,PASS,6.103515625e-05,3.7640763740672963e-07,0.9999999999999966
sample_0066,unknown,log,PASS,0.00040435791015625,2.227527732943014e-06,0.9999999999985589
sample_0066,unknown,normalize,PASS,8.392333984375e-05,4.616090359152145e-07,0.9999999999973783
sample_0067,unknown,fft,PASS,9.1552734375e-05,1.6585958036401248e-07,0.9999999999999927
sample_0067,unknown,mel,PASS,0.0001220703125,4.3102511930583214e-07,0.9999999999999932
sample_0067,unknown,log,PASS,0.00019073486328125,2.695078815167567e-06,0.9999999999992505
sample_0067,unknown,normalize,PASS,3.9577484130859375e-05,5.594245202259891e-07,0.9999999999979249
sample_0068,unknown,fft,PASS,0.000244140625,2.3075443061769462e-07,0.9999999999999932
sample_0068,unknown,mel,PASS,0.000244140625,5.514272302841909e-07,0.9999999999999949
sample_0068,unknown,log,PASS,0.00018215179443359375,3.353521209970891e-06,0.9999999999994601
sample_0068,unknown,normalize,PASS,3.7789344787597656e-05,6.961701542017595e-07,0.999999999998214
sample_0069,unknown,fft,PASS,0.000244140625,2.2469783731171885e-07,0.9999999999999919
sample_0069,unknown,mel,PASS,0.000244140625,5.229457190428689e-07,0.9999999999999952
sample_0069,unknown,log,PASS,0.00013065338134765625,9.843811830530222e-07,0.9999999999998977
sample_0069,unknown,normalize,PASS,2.7060508728027344e-05,2.0444603215215503e-07,0.9999999999997221
sample_0070,unknown,fft,PASS,3.0517578125e-05,5.0932450098941906e-08,0.9999999999999934
sample_0070,unknown,mel,PASS,1.9073486328125e-05,1.1974162662069588e-07,0.9999999999999954
sample_0070,unknown,log,PASS,9.822845458984375e-05,3.588343809109808e-07,0.9999999999999705
sample_0070,unknown,normalize,PASS,2.0384788513183594e-05,7.449053816461595e-08,0.9999999999999323
sample_0071,unknown,fft,PASS,0.000244140625,1.553054876166188e-07,0.9999999999999954
sample_0071,unknown,mel,PASS,0.000244140625,4.1111097172597416e-07,0.9999999999999939
sample_0071,unknown,log,PASS,5.054473876953125e-05,9.562999285563901e-07,0.9999999999999588
sample_0071,unknown,normalize,PASS,1.049041748046875e-05,1.9759099273815622e-07,0.9999999999998729
sample_0072,unknown,fft,PASS,6.103515625e-05,7.550391646599082e-08,0.9999999999999928
sample_0072,unknown,mel,PASS,3.0517578125e-05,1.672416451841835e-07,0.9999999999999951
sample_0072,unknown,log,PASS,0.0001125335693359375,7.908427163567809e-07,0.9999999999999283
sample_0072,unknown,normalize,PASS,2.3365020751953125e-05,1.6418780297940565e-07,0.9999999999997938
sample_0073,unknown,fft,PASS,1.52587890625e-05,2.487810283365917e-08,0.9999999999999936
sample_0073,unknown,mel,PASS,1.52587890625e-05,6.112814916514169e-08,0.9999999999999933
sample_0073,unknown,log,PASS,2.765655517578125e-05,9.037352590372159e-07,0.9999999999999722
sample_0073,unknown,normalize,PASS,5.7220458984375e-06,1.8799226219727805e-07,0.999999999999905
sample_0074,unknown,fft,PASS,7.152557373046875e-07,3.747045143629236e-09,0.9999999999999908
sample_0074,unknown,mel,PASS,9.5367431640625e-07,7.898444547469925e-09,0.9999999999999947
sample_0074,unknown,log,PASS,9.5367431640625e-06,4.3241082737337575e-07,0.999999999999994
sample_0074,unknown,normalize,PASS,1.9669532775878906e-06,8.978443898146484e-08,0.9999999999999605
sample_0075,unknown,fft,PASS,6.103515625e-05,7.461180153702541e-08,0.9999999999999956
sample_0075,unknown,mel,PASS,6.103515625e-05,1.8206996414899695e-07,0.9999999999999961
sample_0075,unknown,log,PASS,2.002716064453125e-05,2.41096383640727e-07,0.9999999999999972
sample_0075,unknown,normalize,PASS,4.157423973083496e-06,5.0277569496054384e-08,0.9999999999999913
sample_0076,unknown,fft,PASS,9.1552734375e-05,2.0107151850534268e-07,0.999999999999994
sample_0076,unknown,mel,PASS,9.1552734375e-05,4.937462509424201e-07,0.9999999999999938
sample_0076,unknown,log,PASS,0.0003185272216796875,2.275327325592251e-06,0.9999999999988347
sample_0076,unknown,normalize,PASS,6.61611557006836e-05,4.7202126219111386e-07,0.9999999999966576
sample_0077,unknown,fft,PASS,0.0003662109375,5.225451141963692e-07,0.9999999999999927
sample_0077,unknown,mel,PASS,0.000244140625,1.312569138966716e-06,0.9999999999999937
sample_0077,unknown,log,PASS,4.2438507080078125e-05,4.1379378599951526e-07,0.9999999999999815
sample_0077,unknown,normalize,PASS,8.806586265563965e-06,8.664013569947507e-08,0.9999999999999578
sample_0078,unknown,fft,PASS,6.103515625e-05,1.123590483059518e-07,0.9999999999999901
sample_0078,unknown,mel,PASS,6.103515625e-05,2.7748447085079783e-07,0.9999999999999928
sample_0078,unknown,log,PASS,2.3365020751953125e-05,3.641503324183534e-07,0.9999999999999716
sample_0078,unknown,normalize,PASS,4.850327968597412e-06,7.50955097270106e-08,0.999999999999979
sample_0079,unknown,fft,PASS,3.0517578125e-05,4.867662038914412e-08,0.9999999999999917
sample_0079,unknown,mel,PASS,2.288818359375e-05,1.1567515242261954e-07,0.9999999999999933
sample_0079,unknown,log,PASS,1.430511474609375e-05,3.069957403009665e-07,0.9999999999999956
sample_0079,unknown,normalize,PASS,2.950429916381836e-06,6.361463393020157e-08,0.9999999999999875
sample_0080,unknown,fft,PASS,3.0517578125e-05,8.892894150831576e-08,0.9999999999999934
sample_0080,unknown,mel,PASS,3.0517578125e-05,2.414383501816887e-07,0.9999999999999938
sample_0080,unknown,log,PASS,7.534027099609375e-05,1.0505862177308133e-06,0.9999999999999228
sample_0080,unknown,normalize,PASS,1.5676021575927734e-05,2.1762816056189597e-07,0.9999999999997973
sample_0081,unknown,fft,PASS,0.00048828125,1.1842957934873818e-06,0.9999999999999912
sample_0081,unknown,mel,PASS,0.0003662109375,2.555953962750173e-06,0.9999999999999948
sample_0081,unknown,log,PASS,6.580352783203125e-05,9.74121603306203e-07,0.9999999999999232
sample_0081,unknown,normalize,PASS,1.3649463653564453e-05,2.0238943275532197e-07,0.9999999999998589
sample_0082,unknown,fft,PASS,0.0001220703125,1.242755803467131e-07,0.9999999999999942
sample_0082,unknown,mel,PASS,0.0001220703125,3.462356197831137e-07,0.9999999999999949
sample_0082,unknown,log,PASS,4.482269287109375e-05,7.35513173939319e-07,0.9999999999999003
sample_0082,unknown,normalize,PASS,9.298324584960938e-06,1.5213732010601917e-07,0.9999999999997855
sample_0083,unknown,fft,PASS,0.00048828125,1.8991819222415215e-06,0.9999999999999939
sample_0083,unknown,mel,PASS,0.00048828125,4.4939385100851815e-06,0.9999999999999954
sample_0083,unknown,log,PASS,3.910064697265625e-05,4.7175349704552406e-07,0.999999999999929
sample_0083,unknown,normalize,PASS,8.106231689453125e-06,9.805615371817004e-08,0.9999999999999842
sample_0084,unknown,fft,PASS,0.000244140625,1.9883737177251024e-07,0.9999999999999963
sample_0084,unknown,mel,PASS,0.000244140625,5.24716024311446e-07,0.9999999999999964
sample_0084,unknown,log,PASS,0.00014781951904296875,2.4749888865753206e-06,0.999999999999383
sample_0084,unknown,normalize,PASS,3.0666589736938477e-05,5.141523165503254e-07,0.9999999999981909
sample_0085,down,fft,PASS,3.814697265625e-06,1.1862765088972137e-08,0.9999999999999919
sample_0085,down,mel,PASS,2.86102294921875e-06,2.6968902216970153e-08,0.9999999999999944
sample_0085,down,log,PASS,8.106231689453125e-05,7.367540308790706e-07,0.9999999999999439
sample_0085,down,normalize,PASS,1.6808509826660156e-05,1.5294733319672442e-07,0.9999999999997985
sample_0086,down,fft,PASS,0.000732421875,1.1552866299463739e-06,0.9999999999999944
sample_0086,down,mel,PASS,0.00048828125,2.6754960142377717e-06,0.9999999999999959
sample_0086,down,log,PASS,6.437301635742188e-05,5.303394807402349e-07,0.9999999999999075
sample_0086,down,normalize,PASS,1.3366341590881348e-05,1.0994644170669646e-07,0.9999999999999564
sample_0087,down,fft,PASS,2.86102294921875e-06,8.740407990156154e-09,0.9999999999999883
sample_0087,down,mel,PASS,1.9073486328125e-06,2.246903041183113e-08,0.9999999999999919
sample_0087,down,log,PASS,5.435943603515625e-05,1.2517785663557432e-06,0.9999999999999218
sample_0087,down,normalize,PASS,1.1324882507324219e-05,2.6032571305663756e-07,0.9999999999996669
sample_0088,down,fft,PASS,3.0517578125e-05,5.216035323251893e-08,0.9999999999999946
sample_0088,down,mel,PASS,1.52587890625e-05,1.2553538276221033e-07,0.9999999999999952
sample_0088,down,log,PASS,3.814697265625e-05,1.1394498653659174e-06,0.9999999999999275
sample_0088,down,normalize,PASS,7.927417755126953e-06,2.3689299038130347e-07,0.9999999999997161
sample_0089,down,fft,PASS,2.288818359375e-05,5.0458040352889146e-08,0.9999999999999937
sample_0089,down,mel,PASS,1.52587890625e-05,1.2062146922211174e-07,0.999999999999995
sample_0089,down,log,PASS,8.58306884765625e-05,1.3324477027474653e-06,0.9999999999998509
sample_0089,down,normalize,PASS,1.7762184143066406e-05,2.7631455787462137e-07,0.9999999999994283
sample_0090,down,fft,PASS,2.86102294921875e-06,5.777107882907096e-09,0.9999999999999888
sample_0090,down,mel,PASS,1.9073486328125e-06,1.420354586558187e-08,0.9999999999999926
sample_0090,down,log,PASS,4.57763671875e-05,9.534900761924057e-07,0.9999999999999447
sample_0090,down,normalize,PASS,9.5367431640625e-06,1.9767307688621575e-07,0.999999999999759
sample_0091,down,fft,PASS,2.288818359375e-05,3.083946325997806e-08,0.9999999999999901
sample_0091,down,mel,PASS,2.288818359375e-05,7.578495754206223e-08,0.9999999999999932
sample_0091,down,log,PASS,4.00543212890625e-05,3.732712135424303e-07,0.999999999999986
sample_0091,down,normalize,PASS,8.344650268554688e-06,7.718342140554404e-08,0.9999999999999445
sample_0092,down,fft,PASS,9.1552734375e-05,1.7629457946671302e-07,0.9999999999999916
sample_0092,down,mel,PASS,9.1552734375e-05,4.6489130228974963e-07,0.9999999999999927
sample_0092,down,log,PASS,5.817413330078125e-05,5.867160766818883e-07,0.9999999999999641
sample_0092,down,normalize,PASS,1.2099742889404297e-05,1.2218577755294686e-07,0.9999999999998994
sample_0093,down,fft,PASS,9.1552734375e-05,2.4074887689191885e-07,0.9999999999999906
sample_0093,down,mel,PASS,7.62939453125e-05,6.200927833795703e-07,0.9999999999999928
sample_0093,down,log,PASS,9.441375732421875e-05,1.519938207523653e-06,0.9999999999998359
sample_0093,down,normalize,PASS,1.9609928131103516e-05,3.157576884404989e-07,0.9999999999996064
sample_0094,down,fft,PASS,4.57763671875e-05,9.756618106747191e-08,0.9999999999999916
sample_0094,down,mel,PASS,3.0517578125e-05,2.5391395044184405e-07,0.9999999999999926
sample_0094,down,log,PASS,2.09808349609375e-05,6.26383787153593e-07,0.9999999999999778
sample_0094,down,normalize,PASS,4.351139068603516e-06,1.3014853648921488e-07,0.9999999999999473
sample_0095,down,fft,PASS,3.0517578125e-05,1.0246754755343882e-07,0.9999999999999919
sample_0095,down,mel,PASS,3.0517578125e-05,2.7825054389738064e-07,0.9999999999999925
sample_0095,down,log,PASS,8.0108642578125e-05,1.7624473786223587e-06,0.9999999999998213
sample_0095,down,normalize,PASS,1.6629695892333984e-05,3.6523592915736936e-07,0.999999999999403
sample_0096,down,fft,PASS,3.814697265625e-06,9.247512368504798e-09,0.9999999999999921
sample_0096,down,mel,PASS,3.814697265625e-06,2.3017518645760317e-08,0.9999999999999936
sample_0096,down,log,PASS,1.430511474609375e-05,3.106241469014445e-07,0.9999999999999949
sample_0096,down,normalize,PASS,2.950429916381836e-06,6.415079681546828e-08,0.9999999999999729
sample_0097,down,fft,PASS,7.62939453125e-06,1.5132636549684407e-08,0.9999999999999921
sample_0097,down,mel,PASS,7.62939453125e-06,3.595242945590564e-08,0.9999999999999932
sample_0097,down,log,PASS,9.822845458984375e-05,1.0424910485225794e-06,0.9999999999998737
sample_0097,down,normalize,PASS,2.0503997802734375e-05,2.1628285243297238e-07,0.9999999999995435
sample_0098,down,fft,PASS,1.430511474609375e-06,5.021251781694376e-09,0.9999999999999881
sample_0098,down,mel,PASS,1.430511474609375e-06,1.1832018491642747e-08,0.9999999999999925
sample_0098,down,log,PASS,4.38690185546875e-05,5.560234580350357e-07,0.9999999999999805
sample_0098,down,normalize,PASS,9.059906005859375e-06,1.1569529017986785e-07,0.9999999999999304
sample_0099,down,fft,PASS,7.62939453125e-06,5.2769116745299934e-08,0.9999999999999902
sample_0099,down,mel,PASS,7.62939453125e-06,1.1009778004569677e-07,0.999999999999995
sample_0099,down,log,PASS,2.956390380859375e-05,6.219345413237443e-07,0.9999999999999762
sample_0099,down,normalize,PASS,6.139278411865234e-06,1.2888250410577541e-07,0.999999999999961
sample_0100,down,fft,PASS,1.52587890625e-05,2.999887506036567e-08,0.9999999999999926
sample_0100,down,mel,PASS,1.52587890625e-05,7.859400210069754e-08,0.9999999999999923
sample_0100,down,log,PASS,9.059906005859375e-06,2.1184354013127118e-07,0.999999999999998
sample_0100,down,normalize,PASS,1.8775463104248047e-06,4.383649199850636e-08,0.9999999999999948
sample_0101,down,fft,PASS,6.103515625e-05,1.3722800557004063e-07,0.9999999999999899
sample_0101,down,mel,PASS,6.103515625e-05,3.21679672806188e-07,0.9999999999999929
sample_0101,down,log,PASS,9.059906005859375e-05,6.96236861360808e-07,0.9999999999999506
sample_0101,down,normalize,PASS,1.8835067749023438e-05,1.4438386088922114e-07,0.9999999999998787
sample_0102,down,fft,PASS,3.814697265625e-05,7.121131665957107e-08,0.999999999999992
sample_0102,down,mel,PASS,2.288818359375e-05,1.915000161613595e-07,0.9999999999999936
sample_0102,down,log,PASS,0.00016117095947265625,4.10843329356596e-06,0.9999999999990035
sample_0102,down,normalize,PASS,3.349781036376953e-05,8.521517688362533e-07,0.9999999999968158
sample_0103,down,fft,PASS,0.00018310546875,3.114148709070877e-07,0.9999999999999902
sample_0103,down,mel,PASS,0.00018310546875,7.423552411717518e-07,0.9999999999999932
sample_0103,down,log,PASS,0.00019073486328125,1.766651279251506e-06,0.9999999999994647
sample_0103,down,normalize,PASS,3.9696693420410156e-05,3.666957975991242e-07,0.9999999999987061
sample_0104,down,fft,PASS,4.57763671875e-05,1.1159643589166475e-07,0.9999999999999923
sample_0104,down,mel,PASS,3.0517578125e-05,2.826093730997988e-07,0.9999999999999947
sample_0104,down,log,PASS,0.00011539459228515625,1.0708727762056976e-06,0.9999999999998812
sample_0104,down,normalize,PASS,2.396106719970703e-05,2.2262167199682659e-07,0.9999999999996023
sample_0105,down,fft,PASS,0.0001220703125,2.2384739582787707e-07,0.9999999999999942
sample_0105,down,mel,PASS,0.0001220703125,6.172095378505532e-07,0.9999999999999939
sample_0105,down,log,PASS,0.00011730194091796875,1.825261134930914e-06,0.9999999999997108
sample_0105,down,normalize,PASS,2.4318695068359375e-05,3.789566810407657e-07,0.9999999999991003
sample_0106,down,fft,PASS,0.0001220703125,3.0779403798414843e-07,0.9999999999999911
sample_0106,down,mel,PASS,6.103515625e-05,6.719227971645326e-07,0.9999999999999947
sample_0106,down,log,PASS,0.00017547607421875,4.4858273951723447e-07,0.9999999999999449
sample_0106,down,normalize,PASS,3.641843795776367e-05,9.36078781660849e-08,0.9999999999998852
sample_0107,down,fft,PASS,1.52587890625e-05,6.787235372162519e-08,0.9999999999999927
sample_0107,down,mel,PASS,1.1444091796875e-05,1.604768121424486e-07,0.999999999999995
sample_0107,down,log,PASS,0.00025177001953125,4.2521483325376407e-07,0.9999999999998403
sample_0107,down,normalize,PASS,5.221366882324219e-05,8.804014070468982e-08,0.9999999999997407
sample_0108,down,fft,PASS,5.7220458984375e-06,1.0610475145080802e-08,0.9999999999999911
sample_0108,down,mel,PASS,7.62939453125e-06,2.489927812508805e-08,0.9999999999999921
sample_0108,down,log,PASS,0.00010395050048828125,1.1181213006121913e-06,0.999999999999889
sample_0108,down,normalize,PASS,2.1576881408691406e-05,2.3260078462656808e-07,0.9999999999995929
sample_0109,down,fft,PASS,2.288818359375e-05,5.010935061664385e-08,0.9999999999999909
sample_0109,down,mel,PASS,2.288818359375e-05,1.2067899155224516e-07,0.9999999999999938
sample_0109,down,log,PASS,2.288818359375e-05,8.893418120045104e-07,0.9999999999999796
sample_0109,down,normalize,PASS,4.76837158203125e-06,1.8446675062703e-07,0.9999999999999243
sample_0110,down,fft,PASS,1.52587890625e-05,1.5721776401158313e-08,0.9999999999999913
sample_0110,down,mel,PASS,1.52587890625e-05,3.920535460194277e-08,0.9999999999999916
sample_0110,down,log,PASS,5.53131103515625e-05,6.465844028816088e-07,0.9999999999999695
sample_0110,down,normalize,PASS,1.150369644165039e-05,1.34578606388693e-07,0.9999999999998546
sample_0111,down,fft,PASS,0.00018310546875,5.461028639406542e-07,0.9999999999999925
sample_0111,down,mel,PASS,0.00018310546875,1.383361882361345e-06,0.9999999999999934
sample_0111,down,log,PASS,0.0002002716064453125,1.1182881748801706e-06,0.9999999999998389
sample_0111,down,normalize,PASS,4.1544437408447266e-05,2.318688124847036e-07,0.9999999999997158
sample_0112,down,fft,PASS,2.288818359375e-05,7.566640043558135e-08,0.9999999999999923
sample_0112,down,mel,PASS,2.288818359375e-05,2.0813189905496334e-07,0.9999999999999921
sample_0112,down,log,PASS,6.389617919921875e-05,1.8065542877089268e-06,0.999999999999869
sample_0112,down,normalize,PASS,1.33514404296875e-05,3.7543417204120705e-07,0.999999999999577
sample_0113,down,fft,PASS,4.57763671875e-05,1.3877041154687385e-07,0.9999999999999926
sample_0113,down,mel,PASS,6.103515625e-05,3.5078653032261647e-07,0.9999999999999916
sample_0113,down,log,PASS,3.814697265625e-05,8.109870244573691e-07,0.9999999999999415
sample_0113,down,normalize,PASS,7.927417755126953e-06,1.6803026501112963e-07,0.9999999999998438
sample_0114,down,fft,PASS,6.103515625e-05,1.478740938728366e-07,0.9999999999999952
sample_0114,down,mel,PASS,4.57763671875e-05,4.0158856208601525e-07,0.999999999999995
sample_0114,down,log,PASS,0.000156402587890625,2.306919911758753e-06,0.9999999999996025
sample_0114,down,normalize,PASS,3.248453140258789e-05,4.781117024664343e-07,0.9999999999989371
sample_0115,down,fft,PASS,0.0001220703125,1.5690670965225933e-07,0.9999999999999929
sample_0115,down,mel,PASS,0.0001220703125,3.3835044282852625e-07,0.9999999999999957
sample_0115,down,log,PASS,4.57763671875e-05,6.008640141745033e-07,0.9999999999999515
sample_0115,down,normalize,PASS,9.47713851928711e-06,1.2542379593442364e-07,0.9999999999998718
sample_0116,down,fft,PASS,9.1552734375e-05,1.4009836463176716e-07,0.999999999999994
sample_0116,down,mel,PASS,9.1552734375e-05,3.6265491524652234e-07,0.9999999999999942
sample_0116,down,log,PASS,0.000141143798828125,2.158793697414901e-06,0.999999999999635
sample_0116,down,normalize,PASS,2.9325485229492188e-05,4.48461981583329e-07,0.9999999999987416
sample_0117,down,fft,PASS,7.62939453125e-06,1.582011172004346e-08,0.9999999999999923
sample_0117,down,mel,PASS,7.62939453125e-06,3.6739316368391825e-08,0.9999999999999943
sample_0117,down,log,PASS,0.00013446807861328125,1.7243146430701017e-06,0.999999999999836
sample_0117,down,normalize,PASS,2.7894973754882812e-05,3.577900648757926e-07,0.9999999999994128
sample_0118,down,fft,PASS,1.52587890625e-05,3.42657365590886e-08,0.9999999999999926
sample_0118,down,mel,PASS,1.1444091796875e-05,7.221289193677855e-08,0.9999999999999951
sample_0118,down,log,PASS,4.9591064453125e-05,5.576138851165974e-07,0.9999999999999677
sample_0118,down,normalize,PASS,1.0311603546142578e-05,1.1524954772701874e-07,0.9999999999998839
sample_0119,down,fft,PASS,0.00048828125,7.260210824138116e-07,0.999999999999993
sample_0119,down,mel,PASS,0.000244140625,1.7838647074700696e-06,0.9999999999999952
sample_0119,down,log,PASS,6.29425048828125e-05,9.753660351904754e-07,0.9999999999998833
sample_0119,down,normalize,PASS,1.3053417205810547e-05,2.025194634829814e-07,0.9999999999998298
sample_0120,down,fft,PASS,6.103515625e-05,1.2588479312843432e-07,0.9999999999999885
sample_0120,down,mel,PASS,6.103515625e-05,3.385078914161098e-07,0.9999999999999901
sample_0120,down,log,PASS,0.00018978118896484375,2.122780561777371e-06,0.9999999999996922
sample_0120,down,normalize,PASS,3.93986701965332e-05,4.400178140443104e-07,0.9999999999988983
sample_0121,down,fft,PASS,9.5367431640625e-06,9.645476692665531e-09,0.999999999999991
sample_0121,down,mel,PASS,9.5367431640625e-06,2.6792833990758646e-08,0.9999999999999921
sample_0121,down,log,PASS,8.296966552734375e-05,1.0163927828837738e-06,0.9999999999999516
sample_0121,down,normalize,PASS,1.722574234008789e-05,2.105560558294822e-07,0.9999999999997505
sample_0122,down,fft,PASS,1.1444091796875e-05,4.531892052623516e-08,0.9999999999999902
sample_0122,down,mel,PASS,1.52587890625e-05,1.0472243023466681e-07,0.9999999999999944
sample_0122,down,log,PASS,1.33514404296875e-05,3.651536401478795e-07,0.9999999999999907
sample_0122,down,normalize,PASS,2.8014183044433594e-06,7.600242452549582e-08,0.9999999999999765
sample_0123,down,fft,PASS,1.1444091796875e-05,2.1504813827702206e-08,0.9999999999999939
sample_0123,down,mel,PASS,7.62939453125e-06,5.638547125632807e-08,0.9999999999999949
sample_0123,down,log,PASS,0.00023651123046875,9.633432626395744e-07,0.9999999999998469
sample_0123,down,normalize,PASS,4.9114227294921875e-05,1.9944989184980365e-07,0.9999999999993495
sample_0124,down,fft,PASS,4.57763671875e-05,2.0063137959851016e-08,0.9999999999999937
sample_0124,down,mel,PASS,2.288818359375e-05,5.314237019195187e-08,0.9999999999999938
sample_0124,down,log,PASS,0.00012111663818359375,1.4572524198211066e-06,0.9999999999997506
sample_0124,down,normalize,PASS,2.5153160095214844e-05,3.0225421285746445e-07,0.9999999999988296
sample_0125,down,fft,PASS,4.57763671875e-05,1.5274548757751307e-07,0.9999999999999907
sample_0125,down,mel,PASS,4.57763671875e-05,4.191030306226649e-07,0.9999999999999918
sample_0125,down,log,PASS,0.00017070770263671875,2.1821348309908945e-06,0.99999999999964
sample_0125,down,normalize,PASS,3.540515899658203e-05,4.530796662821909e-07,0.9999999999990871
sample_0126,down,fft,PASS,1.52587890625e-05,3.559189770900407e-08,0.9999999999999925
sample_0126,down,mel,PASS,3.0517578125e-05,8.489313438578586e-08,0.9999999999999931
sample_0126,down,log,PASS,7.05718994140625e-05,5.144679247191876e-07,0.9999999999999593
sample_0126,down,normalize,PASS,1.4662742614746094e-05,1.0703860254471864e-07,0.9999999999998105
sample_0127,go,fft,PASS,5.7220458984375e-06,1.0516277416109462e-08,0.9999999999999939
sample_0127,go,mel,PASS,3.814697265625e-06,2.3354988004598558e-08,0.9999999999999974
sample_0127,go,log,PASS,9.34600830078125e-05,6.481892017804382e-07,0.9999999999999362
sample_0127,go,normalize,PASS,1.9311904907226562e-05,1.343380585474211e-07,0.999999999999766
sample_0128,go,fft,PASS,0.0009765625,1.3318035353103835e-06,0.9999999999999944
sample_0128,go,mel,PASS,0.0009765625,3.4447866403522787e-06,0.9999999999999953
sample_0128,go,log,PASS,6.628036499023438e-05,5.11506132710619e-07,0.9999999999999255
sample_0128,go,normalize,PASS,1.376122236251831e-05,1.0648175540866012e-07,0.9999999999999613
sample_0129,go,fft,PASS,6.103515625e-05,7.993093183625387e-08,0.9999999999999959
sample_0129,go,mel,PASS,6.103515625e-05,2.0262802512670442e-07,0.9999999999999973
sample_0129,go,log,PASS,4.76837158203125e-05,9.042351929664538e-07,0.9999999999999555
sample_0129,go,normalize,PASS,9.894371032714844e-06,1.876605059950103e-07,0.999999999999858
sample_0130,go,fft,PASS,0.000244140625,4.5689357654456374e-07,0.9999999999999943
sample_0130,go,mel,PASS,0.000244140625,1.1240888027425358e-06,0.9999999999999954
sample_0130,go,log,PASS,8.58306884765625e-05,7.761433099034602e-07,0.9999999999999363
sample_0130,go,normalize,PASS,1.780688762664795e-05,1.6124951150349e-07,0.9999999999998362
sample_0131,go,fft,PASS,0.00018310546875,3.7370600988420367e-07,0.999999999999989
sample_0131,go,mel,PASS,0.000152587890625,9.95226277990079e-07,0.9999999999999918
sample_0131,go,log,PASS,0.00012493133544921875,2.6232732539434022e-06,0.9999999999995882
sample_0131,go,normalize,PASS,2.586841583251953e-05,5.444974316794674e-07,0.999999999998863
sample_0132,go,fft,PASS,3.0517578125e-05,3.688668303661124e-08,0.9999999999999954
sample_0132,go,mel,PASS,3.0517578125e-05,9.644895986546854e-08,0.999999999999996
sample_0132,go,log,PASS,0.0002574920654296875,2.3815598186695634e-06,0.999999999999417
sample_0132,go,normalize,PASS,5.340576171875e-05,4.949869095287453e-07,0.9999999999969028
sample_0133,go,fft,PASS,0.0001220703125,1.7914436766121585e-07,0.9999999999999951
sample_0133,go,mel,PASS,0.00018310546875,5.11462783711861e-07,0.9999999999999947
sample_0133,go,log,PASS,0.0001544952392578125,3.1991096128165573e-06,0.9999999999992861
sample_0133,go,normalize,PASS,3.212690353393555e-05,6.636888498844813e-07,0.99999999999716
sample_0134,go,fft,PASS,3.0517578125e-05,1.7745863746146947e-08,0.9999999999999895
sample_0134,go,mel,PASS,3.0517578125e-05,4.914980042320652e-08,0.9999999999999892
sample_0134,go,log,PASS,3.62396240234375e-05,4.07461622743729e-07,0.9999999999999937
sample_0134,go,normalize,PASS,7.510185241699219e-06,8.429006442438009e-08,0.9999999999999537
sample_0135,go,fft,PASS,0.000244140625,6.908436140941859e-07,0.9999999999999913
sample_0135,go,mel,PASS,0.0003662109375,1.6950998766498105e-06,0.9999999999999929
sample_0135,go,log,PASS,0.0001544952392578125,1.1082170248760076e-06,0.9999999999998193
sample_0135,go,normalize,PASS,3.2067298889160156e-05,2.3010381644978972e-07,0.9999999999996393
sample_0136,go,fft,PASS,6.103515625e-05,9.7931441381036e-08,0.9999999999999934
sample_0136,go,mel,PASS,3.0517578125e-05,2.61772306647427e-07,0.9999999999999943
sample_0136,go,log,PASS,8.487701416015625e-05,1.1395325303299002e-06,0.9999999999999095
sample_0136,go,normalize,PASS,1.7642974853515625e-05,2.3641238687271807e-07,0.9999999999996536
sample_0137,go,fft,PASS,0.0003662109375,2.0344314960315002e-07,0.999999999999997
sample_0137,go,mel,PASS,0.0003662109375,5.623741677884929e-07,0.9999999999999976
sample_0137,go,log,PASS,0.0001468658447265625,1.2492245791645924e-06,0.9999999999998919
sample_0137,go,normalize,PASS,3.0517578125e-05,2.5912144301761183e-07,0.9999999999995703
sample_0138,go,fft,PASS,3.0517578125e-05,6.091231374782106e-08,0.999999999999992
sample_0138,go,mel,PASS,2.288818359375e-05,1.644137587351618e-07,0.9999999999999932
sample_0138,go,log,PASS,0.0001373291015625,1.1403714986702445e-06,0.9999999999998124
sample_0138,go,normalize,PASS,2.849102020263672e-05,2.3628521970263453e-07,0.9999999999993182
sample_0139,go,fft,PASS,0.000244140625,1.8597105401821733e-07,0.9999999999999946
sample_0139,go,mel,PASS,0.000244140625,4.894615375935913e-07,0.9999999999999954
sample_0139,go,log,PASS,0.00025463104248046875,3.18342653831633e-06,0.9999999999993355
sample_0139,go,normalize,PASS,5.2809715270996094e-05,6.611972002256062e-07,0.9999999999976165
sample_0140,go,fft,PASS,0.0001220703125,7.229289229821907e-08,0.9999999999999936
sample_0140,go,mel,PASS,9.1552734375e-05,1.9026335537672858e-07,0.9999999999999946
sample_0140,go,log,PASS,0.00024700164794921875,2.9322654476759856e-06,0.9999999999994933
sample_0140,go,normalize,PASS,5.137920379638672e-05,6.088913821285771e-07,0.9999999999980279
sample_0141,go,fft,PASS,1.1444091796875e-05,2.7781262472298997e-08,0.999999999999989
sample_0141,go,mel,PASS,1.1444091796875e-05,6.974452313226252e-08,0.9999999999999906
sample_0141,go,log,PASS,2.288818359375e-05,3.378166247154632e-07,0.999999999999992
sample_0141,go,normalize,PASS,4.76837158203125e-06,7.001418534045034e-08,0.9999999999999718
sample_0142,go,fft,PASS,1.52587890625e-05,4.1930182768884355e-08,0.999999999999994
sample_0142,go,mel,PASS,1.52587890625e-05,1.0140571881815348e-07,0.9999999999999958
sample_0142,go,log,PASS,3.62396240234375e-05,3.79173699083466e-07,0.999999999999989
sample_0142,go,normalize,PASS,7.539987564086914e-06,7.888161981032447e-08,0.9999999999999633
sample_0143,go,fft,PASS,6.103515625e-05,9.502809989439199e-08,0.9999999999999941
sample_0143,go,mel,PASS,3.0517578125e-05,2.38682894913924e-07,0.9999999999999958
sample_0143,go,log,PASS,0.00013256072998046875,1.0725667866293829e-06,0.9999999999998317
sample_0143,go,normalize,PASS,2.7477741241455078e-05,2.228201236281922e-07,0.9999999999992889
sample_0144,go,fft,PASS,6.103515625e-05,1.4674187858654433e-07,0.9999999999999944
sample_0144,go,mel,PASS,6.103515625e-05,3.8402228867544367e-07,0.9999999999999954
sample_0144,go,log,PASS,0.000293731689453125,2.158367441561405e-06,0.999999999999065
sample_0144,go,normalize,PASS,6.103515625e-05,4.4786753674674007e-07,0.9999999999965498
sample_0145,go,fft,PASS,1.52587890625e-05,4.6539088308176936e-08,0.9999999999999932
sample_0145,go,mel,PASS,1.52587890625e-05,1.0198987497449365e-07,0.9999999999999942
sample_0145,go,log,PASS,8.0108642578125e-05,1.6741891663018983e-06,0.9999999999998538
sample_0145,go,normalize,PASS,1.6689300537109375e-05,3.479906376699069e-07,0.9999999999996243
sample_0146,go,fft,PASS,1.1444091796875e-05,2.218180183103631e-08,0.9999999999999961
sample_0146,go,mel,PASS,7.62939453125e-06,6.161783775892775e-08,0.9999999999999958
sample_0146,go,log,PASS,0.0001163482666015625,4.249149305275687e-06,0.9999999999994155
sample_0146,go,normalize,PASS,2.4199485778808594e-05,8.822667941875815e-07,0.9999999999977188
sample_0147,go,fft,PASS,9.5367431640625e-06,1.8683373729142434e-08,0.9999999999999928
sample_0147,go,mel,PASS,7.62939453125e-06,5.121116157483642e-08,0.9999999999999941
sample_0147,go,log,PASS,0.00010776519775390625,3.282376824380221e-06,0.9999999999995873
sample_0147,go,normalize,PASS,2.2411346435546875e-05,6.811525180286354e-07,0.9999999999981948
sample_0148,go,fft,PASS,0.0001220703125,1.46691891560218e-07,0.999999999999992
sample_0148,go,mel,PASS,9.1552734375e-05,3.810679034668833e-07,0.9999999999999944
sample_0148,go,log,PASS,0.00012302398681640625,1.4004882440630272e-06,0.9999999999998418
sample_0148,go,normalize,PASS,2.5510787963867188e-05,2.907218364307122e-07,0.9999999999995044
sample_0149,go,fft,PASS,0.000244140625,2.781851765618359e-07,0.9999999999999916
sample_0149,go,mel,PASS,0.00018310546875,6.465834943723674e-07,0.9999999999999944
sample_0149,go,log,PASS,4.1961669921875e-05,5.78523168310357e-07,0.9999999999999734
sample_0149,go,normalize,PASS,8.702278137207031e-06,1.2055936014515437e-07,0.9999999999999112
sample_0150,go,fft,PASS,0.0001220703125,2.604535809282803e-07,0.9999999999999937
sample_0150,go,mel,PASS,6.103515625e-05,5.938704865528043e-07,0.9999999999999963
sample_0150,go,log,PASS,9.250640869140625e-05,6.890211285046984e-07,0.9999999999999186
sample_0150,go,normalize,PASS,1.919269561767578e-05,1.4283270754483712e-07,0.9999999999998064
sample_0151,go,fft,PASS,1.1444091796875e-05,1.0502332451335544e-08,0.9999999999999898
sample_0151,go,mel,PASS,7.62939453125e-06,2.5396529974728982e-08,0.9999999999999936
sample_0151,go,log,PASS,1.049041748046875e-05,2.947054592440698e-07,0.9999999999999962
sample_0151,go,normalize,PASS,2.175569534301758e-06,6.12256569931362e-08,0.9999999999999855
sample_0152,go,fft,PASS,0.000732421875,5.110357511637344e-07,0.9999999999999925
sample_0152,go,mel,PASS,0.0003662109375,1.4121456110775164e-06,0.9999999999999934
sample_0152,go,log,PASS,0.00013446807861328125,1.4388753747385131e-06,0.9999999999996106
sample_0152,go,normalize,PASS,2.7924776077270508e-05,2.985348619224151e-07,0.9999999999992051
sample_0153,go,fft,PASS,2.288818359375e-05,4.351698885262543e-08,0.9999999999999918
sample_0153,go,mel,PASS,2.288818359375e-05,1.0446607800149633e-07,0.9999999999999944
sample_0153,go,log,PASS,3.147125244140625e-05,1.153698747765531e-06,0.999999999999962
sample_0153,go,normalize,PASS,6.556510925292969e-06,2.394484563455539e-07,0.9999999999998629
sample_0154,go,fft,PASS,6.103515625e-05,3.1897667894849944e-08,0.9999999999999957
sample_0154,go,mel,PASS,6.103515625e-05,8.5973251891673e-08,0.9999999999999961
sample_0154,go,log,PASS,0.00018405914306640625,1.1622997941357073e-06,0.9999999999998173
sample_0154,go,normalize,PASS,3.814697265625e-05,2.4141643178712784e-07,0.9999999999988027
sample_0155,go,fft,PASS,0.00048828125,2.511060176725334e-07,0.999999999999992
sample_0155,go,mel,PASS,0.0003662109375,5.760952155343713e-07,0.9999999999999956
sample_0155,go,log,PASS,0.00020313262939453125,1.483226291798424e-06,0.9999999999997453
sample_0155,go,normalize,PASS,4.214048385620117e-05,3.0759161241389443e-07,0.9999999999991642
sample_0156,go,fft,PASS,0.0001220703125,1.400365447739552e-07,0.999999999999995
sample_0156,go,mel,PASS,0.0001220703125,3.7508393001186504e-07,0.9999999999999948
sample_0156,go,log,PASS,0.00037479400634765625,2.10504706298914e-06,0.9999999999994854
sample_0156,go,normalize,PASS,7.784366607666016e-05,4.3723210381196426e-07,0.9999999999982981
sample_0157,go,fft,PASS,7.62939453125e-06,1.614010339431083e-08,0.9999999999999903
sample_0157,go,mel,PASS,7.62939453125e-06,4.063971592198029e-08,0.9999999999999919
sample_0157,go,log,PASS,8.58306884765625e-06,1.9674942198227907e-07,0.9999999999999981
sample_0157,go,normalize,PASS,1.7881393432617188e-06,4.044171747760755e-08,0.9999999999999959
sample_0158,go,fft,PASS,0.0001220703125,1.306809036131927e-07,0.9999999999999919
sample_0158,go,mel,PASS,0.0001220703125,3.509415365381254e-07,0.9999999999999926
sample_0158,go,log,PASS,0.00023174285888671875,1.7412412129452055e-06,0.9999999999997831
sample_0158,go,normalize,PASS,4.8041343688964844e-05,3.6168275622876897e-07,0.9999999999990363
sample_0159,go,fft,PASS,0.00018310546875,2.6165185270094063e-07,0.9999999999999942
sample_0159,go,mel,PASS,0.00018310546875,7.138927269433447e-07,0.9999999999999949
sample_0159,go,log,PASS,8.678436279296875e-05,1.5824049060569504e-06,0.9999999999996986
sample_0159,go,normalize,PASS,1.806020736694336e-05,3.287545996049585e-07,0.999999999999055
sample_0160,go,fft,PASS,0.000244140625,2.4401690858836146e-07,0.9999999999999929
sample_0160,go,mel,PASS,0.0001220703125,6.536148918910537e-07,0.9999999999999946
sample_0160,go,log,PASS,0.0001373291015625,1.6007361769915956e-06,0.9999999999997965
sample_0160,go,normalize,PASS,2.8520822525024414e-05,3.3245496547126526e-07,0.9999999999993546
sample_0161,go,fft,PASS,0.0001220703125,1.5813841791229243e-07,0.9999999999999946
sample_0161,go,mel,PASS,0.0001220703125,4.44554416960795e-07,0.999999999999995
sample_0161,go,log,PASS,0.00022792816162109375,2.299760009270475e-06,0.9999999999994811
sample_0161,go,normalize,PASS,4.7326087951660156e-05,4.774826653140348e-07,0.9999999999980541
sample_0162,go,fft,PASS,3.814697265625e-05,4.27537794928424e-08,0.9999999999999929
sample_0162,go,mel,PASS,3.0517578125e-05,1.111848107005426e-07,0.9999999999999941
sample_0162,go,log,PASS,0.00011920928955078125,1.97900597341497e-06,0.9999999999997254
sample_0162,go,normalize,PASS,2.47955322265625e-05,4.106157233547834e-07,0.9999999999990166
sample_0163,go,fft,PASS,6.103515625e-05,1.7503171925972438e-07,0.9999999999999909
sample_0163,go,mel,PASS,4.57763671875e-05,4.547525926835595e-07,0.9999999999999923
sample_0163,go,log,PASS,0.000133514404296875,2.0579467997263823e-06,0.9999999999997065
sample_0163,go,normalize,PASS,2.765655517578125e-05,4.276008790965183e-07,0.9999999999989664
sample_0164,go,fft,PASS,7.62939453125e-06,4.547703556257133e-09,0.9999999999999891
sample_0164,go,mel,PASS,5.7220458984375e-06,1.3057169065438804e-08,0.999999999999989
sample_0164,go,log,PASS,2.384185791015625e-05,5.160361997515775e-07,0.9999999999999868
sample_0164,go,normalize,PASS,4.947185516357422e-06,1.0730287435267606e-07,0.9999999999999208
sample_0165,go,fft,PASS,1.52587890625e-05,2.7142435301764923e-08,0.9999999999999948
sample_0165,go,mel,PASS,3.0517578125e-05,6.975635548617408e-08,0.9999999999999946
sample_0165,go,log,PASS,0.0001544952392578125,7.709513918616542e-07,0.9999999999999233
sample_0165,go,normalize,PASS,3.2067298889160156e-05,1.6000352402308168e-07,0.9999999999996053
sample_0166,go,fft,PASS,9.1552734375e-05,1.0576451784192645e-07,0.9999999999999881
sample_0166,go,mel,PASS,6.103515625e-05,2.776929094947212e-07,0.9999999999999908
sample_0166,go,log,PASS,0.00025272369384765625,2.2870606897251293e-06,0.9999999999996494
sample_0166,go,normalize,PASS,5.245208740234375e-05,4.7491352287948704e-07,0.9999999999988257
sample_0167,go,fft,PASS,3.0517578125e-05,7.105169243109948e-08,0.9999999999999923
sample_0167,go,mel,PASS,2.288818359375e-05,1.9455040665068716e-07,0.9999999999999929
sample_0167,go,log,PASS,0.00017070770263671875,2.4346284923318882e-06,0.999999999999577
sample_0167,go,normalize,PASS,3.540515899658203e-05,5.04730712353842e-07,0.9999999999985592
sample_0168,left,fft,PASS,6.103515625e-05,3.858212250951278e-08,0.9999999999999927
sample_0168,left,mel,PASS,6.103515625e-05,1.1117576658621276e-07,0.9999999999999927
sample_0168,left,log,PASS,3.814697265625e-05,5.374836336618456e-07,0.9999999999999757
sample_0168,left,normalize,PASS,7.927417755126953e-06,1.1163589227513818e-07,0.9999999999998619
sample_0169,left,fft,PASS,9.1552734375e-05,8.298355611175529e-08,0.9999999999999905
sample_0169,left,mel,PASS,9.1552734375e-05,2.3064593183537526e-07,0.9999999999999937
sample_0169,left,log,PASS,0.00014209747314453125,1.3335913202957605e-06,0.9999999999997956
sample_0169,left,normalize,PASS,2.950429916381836e-05,2.766356956136847e-07,0.9999999999991778
sample_0170,left,fft,PASS,0.000732421875,8.200988995172557e-07,0.9999999999999946
sample_0170,left,mel,PASS,0.00048828125,1.99955758705359e-06,0.9999999999999977
sample_0170,left,log,PASS,0.00016880035400390625,1.374545024758629e-06,0.9999999999998286
sample_0170,left,normalize,PASS,3.504753112792969e-05,2.8519653455131814e-07,0.9999999999997679
sample_0171,left,fft,PASS,2.288818359375e-05,1.1356809358639827e-08,0.9999999999999949
sample_0171,left,mel,PASS,5.7220458984375e-06,1.3972871992564673e-08,0.9999999999999933
sample_0171,left,log,PASS,3.910064697265625e-05,4.634875769607059e-07,0.9999999999999809
sample_0171,left,normalize,PASS,8.106231689453125e-06,9.627173862063861e-08,0.9999999999998747
sample_0172,left,fft,PASS,0.0001220703125,1.0256082510673776e-07,0.9999999999999889
sample_0172,left,mel,PASS,0.0001220703125,2.6899121824164675e-07,0.9999999999999916
sample_0172,left,log,PASS,0.00015163421630859375,8.460553391781258e-07,0.9999999999998863
sample_0172,left,normalize,PASS,3.147125244140625e-05,1.7561908655149844e-07,0.9999999999995717
sample_0173,left,fft,PASS,1.9073486328125e-06,4.7580043073564e-09,0.9999999999999922
sample_0173,left,mel,PASS,1.9073486328125e-06,1.0666964148059729e-08,0.9999999999999937
sample_0173,left,log,PASS,1.049041748046875e-05,2.1196507023518333e-07,0.9999999999999978
sample_0173,left,normalize,PASS,2.205371856689453e-06,4.383809036790799e-08,0.9999999999999898
sample_0174,left,fft,PASS,7.62939453125e-06,1.4381011710453495e-08,0.9999999999999913
sample_0174,left,mel,PASS,7.62939453125e-06,3.22168092159898e-08,0.9999999999999929
sample_0174,left,log,PASS,1.52587890625e-05,8.618383320269755e-07,0.9999999999999815
sample_0174,left,normalize,PASS,3.159046173095703e-06,1.7864046397038024e-07,0.9999999999998879
sample_0175,left,fft,PASS,3.0517578125e-05,5.578975432938794e-08,0.9999999999999933
sample_0175,left,mel,PASS,2.288818359375e-05,1.3057905828124868e-07,0.9999999999999946
sample_0175,left,log,PASS,1.2874603271484375e-05,4.0269205242967106e-07,0.9999999999999926
sample_0175,left,normalize,PASS,2.6747584342956543e-06,8.382736124607762e-08,0.9999999999999701
sample_0176,left,fft,PASS,3.0517578125e-05,3.581767246651241e-08,0.9999999999999928
sample_0176,left,mel,PASS,3.0517578125e-05,9.799552218976921e-08,0.999999999999993
sample_0176,left,log,PASS,0.0002002716064453125,1.1032106257435672e-06,0.999999999999786
sample_0176,left,normalize,PASS,4.1604042053222656e-05,2.2835403869255898e-07,0.999999999998901
sample_0177,left,fft,PASS,7.62939453125e-06,1.1958689131040052e-08,0.9999999999999948
sample_0177,left,mel,PASS,7.62939453125e-06,3.1447120672994056e-08,0.9999999999999958
sample_0177,left,log,PASS,0.000171661376953125,7.605360386349114e-07,0.999999999999921
sample_0177,left,normalize,PASS,3.5643577575683594e-05,1.5797229817769338e-07,0.9999999999996692
sample_0178,left,fft,PASS,0.0003662109375,1.5096477478230473e-07,0.999999999999998
sample_0178,left,mel,PASS,0.00048828125,5.31993853051546e-07,0.9999999999999973
sample_0178,left,log,PASS,9.1552734375e-05,1.0954121319060722e-06,0.9999999999998158
sample_0178,left,normalize,PASS,1.901388168334961e-05,2.2696815899552808e-07,0.9999999999992363
sample_0179,left,fft,PASS,0.0001220703125,2.2492686973543828e-07,0.9999999999999947
sample_0179,left,mel,PASS,0.0001220703125,6.084217885787677e-07,0.9999999999999939
sample_0179,left,log,PASS,0.0005254745483398438,6.194555518761425e-06,0.9999999999957377
sample_0179,left,normalize,PASS,0.00010907649993896484,1.2863381718741246e-06,0.9999999999885898
sample_0180,left,fft,PASS,0.0001220703125,1.7909795073602008e-07,0.9999999999999933
sample_0180,left,mel,PASS,0.0001220703125,4.4431315137650846e-07,0.9999999999999944
sample_0180,left,log,PASS,0.00046443939208984375,4.767151526405965e-06,0.9999999999970289
sample_0180,left,normalize,PASS,9.644031524658203e-05,9.898017602194663e-07,0.9999999999894904
sample_0181,left,fft,PASS,0.0003662109375,3.215904625516949e-07,0.9999999999999934
sample_0181,left,mel,PASS,0.00030517578125,7.836861880251414e-07,0.9999999999999953
sample_0181,left,log,PASS,0.0007829666137695312,5.698675142123801e-06,0.9999999999939707
sample_0181,left,normalize,PASS,0.00016254186630249023,1.1823292864094827e-06,0.9999999999848898
sample_0182,left,fft,PASS,6.103515625e-05,1.1733199134453338e-07,0.9999999999999923
sample_0182,left,mel,PASS,6.103515625e-05,2.8384593375839773e-07,0.9999999999999942
sample_0182,left,log,PASS,8.678436279296875e-05,5.568980227373218e-07,0.9999999999999416
sample_0182,left,normalize,PASS,1.800060272216797e-05,1.1589107467299604e-07,0.99999999999981
sample_0183,left,fft,PASS,4.57763671875e-05,1.6520139558290797e-08,0.9999999999999818
sample_0183,left,mel,PASS,4.57763671875e-05,4.6654226592943837e-08,0.9999999999999808
sample_0183,left,log,PASS,4.9591064453125e-05,4.1394849915269503e-07,0.9999999999999879
sample_0183,left,normalize,PASS,1.0251998901367188e-05,8.601170891032068e-08,0.9999999999999537
sample_0184,left,fft,PASS,1.52587890625e-05,5.658293615965674e-08,0.9999999999999952
sample_0184,left,mel,PASS,2.288818359375e-05,1.3996112449428374e-07,0.9999999999999966
sample_0184,left,log,PASS,1.1444091796875e-05,4.314233862741915e-07,0.9999999999999823
sample_0184,left,normalize,PASS,2.384185791015625e-06,8.972838799363132e-08,0.9999999999999746
sample_0185,left,fft,PASS,2.288818359375e-05,3.2819194696065345e-08,0.9999999999999898
sample_0185,left,mel,PASS,3.0517578125e-05,8.055531967329584e-08,0.9999999999999927
sample_0185,left,log,PASS,6.4849853515625e-05,5.566258857137348e-07,0.9999999999999439
sample_0185,left,normalize,PASS,1.3470649719238281e-05,1.158691544999486e-07,0.9999999999997452
sample_0186,left,fft,PASS,3.0517578125e-05,6.606839952701152e-08,0.9999999999999926
sample_0186,left,mel,PASS,3.0517578125e-05,1.7452458459914456e-07,0.9999999999999937
sample_0186,left,log,PASS,0.00016498565673828125,2.652968562122822e-06,0.9999999999994336
sample_0186,left,normalize,PASS,3.4332275390625e-05,5.503872456405462e-07,0.9999999999980805
sample_0187,left,fft,PASS,7.62939453125e-06,7.553506978525525e-09,0.9999999999999933
sample_0187,left,mel,PASS,5.7220458984375e-06,2.1709256997131614e-08,0.999999999999993
sample_0187,left,log,PASS,0.00012111663818359375,1.7749319673691056e-06,0.9999999999998154
sample_0187,left,normalize,PASS,2.5033950805664062e-05,3.681824916321323e-07,0.9999999999990747
sample_0188,left,fft,PASS,3.0517578125e-05,3.0065517846949085e-08,0.9999999999999905
sample_0188,left,mel,PASS,3.0517578125e-05,8.38479648364186e-08,0.9999999999999928
sample_0188,left,log,PASS,0.00018978118896484375,1.392701996886863e-06,0.9999999999997412
sample_0188,left,normalize,PASS,3.933906555175781e-05,2.893602012960346e-07,0.9999999999986872
sample_0189,left,fft,PASS,1.52587890625e-05,1.7645729934102916e-08,0.9999999999999921
sample_0189,left,mel,PASS,1.52587890625e-05,4.9004998124204756e-08,0.9999999999999926
sample_0189,left,log,PASS,0.0001201629638671875,2.6827613213088013e-06,0.9999999999995612
sample_0189,left,normalize,PASS,2.5033950805664062e-05,5.567312385183229e-07,0.9999999999979673
sample_0190,left,fft,PASS,9.1552734375e-05,1.0129501252879905e-07,0.9999999999999908
sample_0190,left,mel,PASS,6.103515625e-05,2.3774836147229896e-07,0.9999999999999942
sample_0190,left,log,PASS,0.0002346038818359375,1.105735166918136e-06,0.9999999999994876
sample_0190,left,normalize,PASS,4.863739013671875e-05,2.2942668413697272e-07,0.9999999999984021
sample_0191,left,fft,PASS,0.00048828125,1.0309050172228248e-06,0.9999999999999947
sample_0191,left,mel,PASS,0.0003662109375,2.787265138358708e-06,0.999999999999994
sample_0191,left,log,PASS,7.534027099609375e-05,8.2542178596227e-07,0.9999999999999026
sample_0191,left,normalize,PASS,1.5616416931152344e-05,1.708958599451897e-07,0.9999999999998848
sample_0192,left,fft,PASS,0.0001220703125,1.522231192989863e-07,0.9999999999999939
sample_0192,left,mel,PASS,0.0001220703125,4.3344781658734606e-07,0.999999999999994
sample_0192,left,log,PASS,9.250640869140625e-05,7.36096529243975e-07,0.99999999999993
sample_0192,left,normalize,PASS,1.919269561767578e-05,1.5268923030672872e-07,0.9999999999997881
sample_0193,left,fft,PASS,0.0001220703125,1.2859351569705177e-07,0.999999999999993
sample_0193,left,mel,PASS,9.1552734375e-05,3.235290613991221e-07,0.9999999999999937
sample_0193,left,log,PASS,3.0517578125e-05,3.168716190911894e-07,0.9999999999999929
sample_0193,left,normalize,PASS,6.3478946685791016e-06,6.579220737849297e-08,0.9999999999999675
sample_0194,left,fft,PASS,6.103515625e-05,5.11427155115452e-08,0.9999999999999932
sample_0194,left,mel,PASS,4.57763671875e-05,1.3303172914853217e-07,0.9999999999999941
sample_0194,left,log,PASS,9.72747802734375e-05,6.363488414490798e-07,0.9999999999999057
sample_0194,left,normalize,PASS,2.0205974578857422e-05,1.3215041762312395e-07,0.9999999999996348
sample_0195,left,fft,PASS,6.103515625e-05,4.925387592570273e-08,0.9999999999999941
sample_0195,left,mel,PASS,3.0517578125e-05,1.4216711709354606e-07,0.9999999999999941
sample_0195,left,log,PASS,0.0001468658447265625,9.964176137830213e-07,0.9999999999998676
sample_0195,left,normalize,PASS,3.0517578125e-05,2.0662366701666505e-07,0.9999999999994309
sample_0196,left,fft,PASS,9.1552734375e-05,6.697390297002441e-08,0.9999999999999939
sample_0196,left,mel,PASS,9.1552734375e-05,1.553561898180472e-07,0.999999999999995
sample_0196,left,log,PASS,3.814697265625e-05,3.973462406804066e-07,0.9999999999999781
sample_0196,left,normalize,PASS,7.927417755126953e-06,8.229388789337769e-08,0.999999999999931
sample_0197,left,fft,PASS,1.52587890625e-05,5.9506293295871945e-08,0.999999999999993
sample_0197,left,mel,PASS,1.52587890625e-05,1.4749791397502356e-07,0.9999999999999937
sample_0197,left,log,PASS,2.002716064453125e-05,4.96032845319968e-07,0.9999999999999877
sample_0197,left,normalize,PASS,4.1425228118896484e-06,1.0287988849392271e-07,0.9999999999999515
sample_0198,left,fft,PASS,3.814697265625e-05,6.399807695145001e-08,0.9999999999999941
sample_0198,left,mel,PASS,4.57763671875e-05,1.4157682886106088e-07,0.9999999999999947
sample_0198,left,log,PASS,0.00013828277587890625,2.274913874703764e-06,0.99999999999961
sample_0198,left,normalize,PASS,2.872943878173828e-05,4.7165080068585704e-07,0.9999999999987034
sample_0199,left,fft,PASS,9.1552734375e-05,1.0002701423931785e-07,0.9999999999999917
sample_0199,left,mel,PASS,6.103515625e-05,2.3653979425313878e-07,0.9999999999999953
sample_0199,left,log,PASS,0.0001678466796875,8.242320048041863e-07,0.9999999999998391
sample_0199,left,normalize,PASS,3.4868717193603516e-05,1.7108637882419056e-07,0.999999999999401
sample_0200,left,fft,PASS,0.0001220703125,9.378170611105304e-08,0.9999999999999947
sample_0200,left,mel,PASS,0.00018310546875,2.807355453890904e-07,0.9999999999999951
sample_0200,left,log,PASS,0.00027751922607421875,7.194773775829685e-07,0.9999999999998338
sample_0200,left,normalize,PASS,5.7637691497802734e-05,1.4916296063662717e-07,0.9999999999991677
sample_0201,left,fft,PASS,9.1552734375e-05,1.2120733970492381e-07,0.9999999999999926
sample_0201,left,mel,PASS,9.1552734375e-05,3.2977569368828253e-07,0.9999999999999939
sample_0201,left,log,PASS,2.765655517578125e-05,3.5296478801125104e-07,0.9999999999999936
sample_0201,left,normalize,PASS,5.751848220825195e-06,7.345636614706681e-08,0.9999999999999801
sample_0202,left,fft,PASS,3.814697265625e-05,7.085217960504872e-08,0.9999999999999927
sample_0202,left,mel,PASS,4.57763671875e-05,1.9565089615937325e-07,0.9999999999999934
sample_0202,left,log,PASS,1.1444091796875e-05,2.76741137904447e-07,0.9999999999999968
sample_0202,left,normalize,PASS,2.376735210418701e-06,5.7348350508456664e-08,0.9999999999999896
sample_0203,left,fft,PASS,0.0001220703125,9.411914896207481e-08,0.9999999999999962
sample_0203,left,mel,PASS,6.103515625e-05,2.1052942911544724e-07,0.999999999999998
sample_0203,left,log,PASS,6.389617919921875e-05,5.880143848711182e-07,0.9999999999999767
sample_0203,left,normalize,PASS,1.329183578491211e-05,1.2202596425064114e-07,0.9999999999999221
sample_0204,left,fft,PASS,0.00018310546875,1.7114859410397721e-07,0.9999999999999898
sample_0204,left,mel,PASS,0.0001220703125,4.499445163119731e-07,0.9999999999999923
sample_0204,left,log,PASS,9.918212890625e-05,7.940006890739914e-07,0.999999999999888
sample_0204,left,normalize,PASS,2.0623207092285156e-05,1.65199726145129e-07,0.9999999999996383
sample_0205,left,fft,PASS,1.9073486328125e-06,3.803697129893033e-09,0.999999999999993
sample_0205,left,mel,PASS,1.9073486328125e-06,1.0544687452690052e-08,0.9999999999999942
sample_0205,left,log,PASS,5.14984130859375e-05,6.673606477117646e-07,0.9999999999999672
sample_0205,left,normalize,PASS,1.0728836059570312e-05,1.388027680384244e-07,0.999999999999812
sample_0206,left,fft,PASS,6.103515625e-05,1.3465850939867218e-07,0.9999999999999939
sample_0206,left,mel,PASS,6.103515625e-05,3.1994554529827433e-07,0.9999999999999969
sample_0206,left,log,PASS,4.482269287109375e-05,4.544366278747871e-07,0.9999999999999805
sample_0206,left,normalize,PASS,9.298324584960938e-06,9.456386065397568e-08,0.9999999999999416
sample_0207,left,fft,PASS,7.62939453125e-06,2.785105408657281e-08,0.9999999999999953
sample_0207,left,mel,PASS,3.814697265625e-06,3.457059699893433e-08,0.9999999999999896
sample_0207,left,log,PASS,3.147125244140625e-05,1.0377359760943617e-06,0.9999999999999348
sample_0207,left,normalize,PASS,6.556510925292969e-06,2.1496153447803254e-07,0.9999999999997623
sample_0208,left,fft,PASS,3.0517578125e-05,2.1151027438119663e-08,0.99999999999999
sample_0208,left,mel,PASS,2.288818359375e-05,6.032220630593702e-08,0.999999999999991
sample_0208,left,log,PASS,0.0001354217529296875,5.49893175588349e-07,0.9999999999999396
sample_0208,left,normalize,PASS,2.8133392333984375e-05,1.1418350174725414e-07,0.999999999999669
sample_0209,left,fft,PASS,3.814697265625e-06,3.8730872548770534e-09,0.999999999999994
sample_0209,left,mel,PASS,3.814697265625e-06,8.7779210967783e-09,0.9999999999999951
sample_0209,left,log,PASS,5.53131103515625e-05,6.67192274128262e-07,0.9999999999999823
sample_0209,left,normalize,PASS,1.1563301086425781e-05,1.3899056518699347e-07,0.9999999999999222
sample_0210,no,fft,PASS,1.1444091796875e-05,6.826862091419993e-09,0.9999999999999931
sample_0210,no,mel,PASS,1.1444091796875e-05,1.900695842740088e-08,0.9999999999999929
sample_0210,no,log,PASS,0.00010585784912109375,1.0505335931066829e-06,0.9999999999998856
sample_0210,no,normalize,PASS,2.205371856689453e-05,2.1791384995702913e-07,0.9999999999994487
sample_0211,no,fft,PASS,9.5367431640625e-06,2.99487997637701e-08,0.9999999999999934
sample_0211,no,mel,PASS,1.52587890625e-05,7.968460060720929e-08,0.9999999999999943
sample_0211,no,log,PASS,0.0001010894775390625,1.0931447976341443e-06,0.9999999999998876
sample_0211,no,normalize,PASS,2.09808349609375e-05,2.26943853650113e-07,0.9999999999995877
sample_0212,no,fft,PASS,0.0001220703125,1.249503106539351e-07,0.9999999999999915
sample_0212,no,mel,PASS,0.0001220703125,3.474191567830915e-07,0.9999999999999907
sample_0212,no,log,PASS,8.58306884765625e-05,1.6246994713547242e-06,0.9999999999998218
sample_0212,no,normalize,PASS,1.7821788787841797e-05,3.373083567530917e-07,0.9999999999993223
sample_0213,no,fft,PASS,0.0001220703125,3.8160487277295083e-07,0.999999999999994
sample_0213,no,mel,PASS,0.0001220703125,1.073020515578185e-06,0.9999999999999953
sample_0213,no,log,PASS,0.00019168853759765625,1.596718083428551e-06,0.9999999999997506
sample_0213,no,normalize,PASS,3.981590270996094e-05,3.320866460061291e-07,0.999999999999359
sample_0214,no,fft,PASS,0.0001220703125,1.9898149755601056e-07,0.9999999999999931
sample_0214,no,mel,PASS,0.0001220703125,5.51603223321029e-07,0.9999999999999931
sample_0214,no,log,PASS,0.00015735626220703125,2.061515404798994e-06,0.9999999999996
sample_0214,no,normalize,PASS,3.266334533691406e-05,4.2891027231523213e-07,0.9999999999987544
sample_0215,no,fft,PASS,1.52587890625e-05,3.487737926402871e-08,0.9999999999999941
sample_0215,no,mel,PASS,1.52587890625e-05,9.479512903575853e-08,0.9999999999999946
sample_0215,no,log,PASS,5.91278076171875e-05,1.2005200753066836e-06,0.9999999999998779
sample_0215,no,normalize,PASS,1.2278556823730469e-05,2.4870275797859516e-07,0.9999999999995222
sample_0216,no,fft,PASS,1.52587890625e-05,3.378482674780813e-08,0.9999999999999927
sample_0216,no,mel,PASS,2.288818359375e-05,8.202105558437737e-08,0.9999999999999936
sample_0216,no,log,PASS,0.00017642974853515625,6.886864974887322e-07,0.9999999999999097
sample_0216,no,normalize,PASS,3.6656856536865234e-05,1.4264666635138537e-07,0.9999999999995915
sample_0217,no,fft,PASS,1.9073486328125e-06,7.170219868724233e-09,0.9999999999999927
sample_0217,no,mel,PASS,1.9073486328125e-06,1.8142745726823944e-08,0.999999999999994
sample_0217,no,log,PASS,5.054473876953125e-05,1.1613892548657621e-06,0.9999999999999076
sample_0217,no,normalize,PASS,1.0609626770019531e-05,2.4087879941506267e-07,0.9999999999996059
sample_0218,no,fft,PASS,3.0517578125e-05,9.398615048033986e-08,0.9999999999999946
sample_0218,no,mel,PASS,3.0517578125e-05,2.3716039351713803e-07,0.9999999999999958
sample_0218,no,log,PASS,0.0002117156982421875,2.5561109423236276e-06,0.9999999999995777
sample_0218,no,normalize,PASS,4.38690185546875e-05,5.306198392357299e-07,0.9999999999987316
sample_0219,no,fft,PASS,0.00030517578125,3.966311231342763e-07,0.9999999999999905
sample_0219,no,mel,PASS,0.00018310546875,1.0945187123191357e-06,0.9999999999999915
sample_0219,no,log,PASS,0.00032901763916015625,2.74739972209687e-06,0.9999999999980524
sample_0219,no,normalize,PASS,6.830692291259766e-05,5.701434702132246e-07,0.9999999999954929
sample_0220,no,fft,PASS,0.000732421875,1.0045054080624342e-06,0.9999999999999952
sample_0220,no,mel,PASS,0.00048828125,2.9204748968762643e-06,0.9999999999999948
sample_0220,no,log,PASS,0.00066375732421875,9.304013843521347e-06,0.999999999987655
sample_0220,no,normalize,PASS,0.00013780593872070312,1.931457878563018e-06,0.9999999999731027
sample_0221,no,fft,PASS,0.0001220703125,1.398608452040881e-07,0.999999999999994
sample_0221,no,mel,PASS,0.0001220703125,3.848424049753972e-07,0.9999999999999943
sample_0221,no,log,PASS,0.00024318695068359375,2.04351410934803e-06,0.9999999999995474
sample_0221,no,normalize,PASS,5.048513412475586e-05,4.241252901181832e-07,0.9999999999981918
sample_0222,no,fft,PASS,7.62939453125e-05,6.041399195041841e-08,0.9999999999999937
sample_0222,no,mel,PASS,9.1552734375e-05,1.735152174610055e-07,0.9999999999999936
sample_0222,no,log,PASS,8.869171142578125e-05,1.522767735589849e-06,0.9999999999998397
sample_0222,no,normalize,PASS,1.8417835235595703e-05,3.166187525494024e-07,0.999999999999305
sample_0223,no,fft,PASS,2.288818359375e-05,6.261436757852675e-08,0.9999999999999953
sample_0223,no,mel,PASS,2.288818359375e-05,1.5852825259741582e-07,0.9999999999999959
sample_0223,no,log,PASS,9.5367431640625e-05,8.103826517206939e-07,0.9999999999999383
sample_0223,no,normalize,PASS,1.9788742065429688e-05,1.6814445162069232e-07,0.9999999999997604
sample_0224,no,fft,PASS,2.288818359375e-05,3.140455251406373e-08,0.9999999999999927
sample_0224,no,mel,PASS,1.1444091796875e-05,8.242913763437742e-08,0.9999999999999931
sample_0224,no,log,PASS,0.000110626220703125,1.0840330474766774e-06,0.9999999999998705
sample_0224,no,normalize,PASS,2.288818359375e-05,2.2517109651870318e-07,0.9999999999994852
sample_0225,no,fft,PASS,6.103515625e-05,1.440321110747775e-07,0.9999999999999928
sample_0225,no,mel,PASS,3.0517578125e-05,3.436177367110773e-07,0.9999999999999948
sample_0225,no,log,PASS,8.296966552734375e-05,1.4196107933980108e-06,0.9999999999998856
sample_0225,no,normalize,PASS,1.728534698486328e-05,2.9487276011909357e-07,0.9999999999996476
sample_0226,no,fft,PASS,3.0517578125e-05,6.57188954671986e-08,0.9999999999999939
sample_0226,no,mel,PASS,1.52587890625e-05,1.5391110777721893e-07,0.9999999999999966
sample_0226,no,log,PASS,9.72747802734375e-05,7.435205273818925e-07,0.9999999999999347
sample_0226,no,normalize,PASS,2.014636993408203e-05,1.549329492335535e-07,0.9999999999997427
sample_0227,no,fft,PASS,2.86102294921875e-06,7.332985792779242e-09,0.9999999999999947
sample_0227,no,mel,PASS,1.9073486328125e-06,1.625346744762314e-08,0.9999999999999941
sample_0227,no,log,PASS,5.340576171875e-05,2.4598964883618537e-06,0.9999999999998672
sample_0227,no,normalize,PASS,1.1086463928222656e-05,5.109368160420033e-07,0.9999999999991857
sample_0228,no,fft,PASS,2.288818359375e-05,6.871930917959463e-08,0.9999999999999939
sample_0228,no,mel,PASS,2.288818359375e-05,1.62388390560008e-07,0.9999999999999937
sample_0228,no,log,PASS,4.57763671875e-05,4.634690718952391e-07,0.999999999999974
sample_0228,no,normalize,PASS,9.506940841674805e-06,9.621539947606789e-08,0.9999999999999348
sample_0229,no,fft,PASS,0.00048828125,4.370389150746098e-07,0.999999999999992
sample_0229,no,mel,PASS,0.00048828125,1.1274534518399899e-06,0.9999999999999933
sample_0229,no,log,PASS,1.9073486328125e-05,3.774143581245196e-07,0.9999999999999806
sample_0229,no,normalize,PASS,3.959983587265015e-06,7.899065941715116e-08,0.9999999999999808
sample_0230,no,fft,PASS,0.00048828125,4.785191644447082e-07,0.9999999999999925
sample_0230,no,mel,PASS,0.000244140625,1.1908698254929092e-06,0.9999999999999957
sample_0230,no,log,PASS,1.9550323486328125e-05,3.1615797191683094e-07,0.9999999999999869
sample_0230,no,normalize,PASS,4.0531158447265625e-06,6.591323320811504e-08,0.9999999999999877
sample_0231,no,fft,PASS,1.1444091796875e-05,1.6683982358037518e-08,0.9999999999999929
sample_0231,no,mel,PASS,7.62939453125e-06,4.091741922622694e-08,0.9999999999999933
sample_0231,no,log,PASS,4.57763671875e-05,6.593625513043734e-07,0.9999999999999535
sample_0231,no,normalize,PASS,9.47713851928711e-06,1.3703714278626018e-07,0.9999999999998466
sample_0232,no,fft,PASS,0.0001220703125,1.8413164145239545e-07,0.9999999999999927
sample_0232,no,mel,PASS,0.0001220703125,4.785741459701666e-07,0.9999999999999937
sample_0232,no,log,PASS,9.822845458984375e-05,1.1599758730845129e-06,0.9999999999999282
sample_0232,no,normalize,PASS,2.0384788513183594e-05,2.402625897399174e-07,0.999999999999731
sample_0233,no,fft,PASS,0.00048828125,5.770077273634516e-07,0.9999999999999925
sample_0233,no,mel,PASS,0.00048828125,1.5426708476507423e-06,0.9999999999999923
sample_0233,no,log,PASS,0.0001964569091796875,1.256204586302329e-06,0.9999999999996756
sample_0233,no,normalize,PASS,4.076957702636719e-05,2.6145946573913284e-07,0.9999999999992288
sample_0234,no,fft,PASS,0.000152587890625,2.0183665765029923e-07,0.9999999999999932
sample_0234,no,mel,PASS,0.0001220703125,5.353482532184197e-07,0.9999999999999937
sample_0234,no,log,PASS,0.00013637542724609375,1.3515926202491738e-06,0.9999999999998
sample_0234,no,normalize,PASS,2.8312206268310547e-05,2.8001585462226273e-07,0.999999999999236
sample_0235,no,fft,PASS,6.103515625e-05,1.3956073847220937e-07,0.9999999999999947
sample_0235,no,mel,PASS,6.103515625e-05,3.559135213481744e-07,0.999999999999995
sample_0235,no,log,PASS,0.00018024444580078125,1.6441858906096013e-06,0.9999999999996757
sample_0235,no,normalize,PASS,3.743171691894531e-05,3.4174966757935106e-07,0.9999999999989512
sample_0236,no,fft,PASS,0.0001220703125,2.661033722924047e-07,0.9999999999999911
sample_0236,no,mel,PASS,0.0001220703125,6.615554535623935e-07,0.999999999999994
sample_0236,no,log,PASS,0.00010967254638671875,2.0589055692302156e-06,0.9999999999995669
sample_0236,no,normalize,PASS,2.276897430419922e-05,4.2757178427095956e-07,0.9999999999988516
sample_0237,no,fft,PASS,2.384185791015625e-06,3.303808059090543e-09,0.9999999999999919
sample_0237,no,mel,PASS,1.9073486328125e-06,8.824178314340977e-09,0.9999999999999917
sample_0237,no,log,PASS,5.340576171875e-05,9.454059469891657e-07,0.9999999999999424
sample_0237,no,normalize,PASS,1.1086463928222656e-05,1.9567022997699217e-07,0.9999999999997091
sample_0238,no,fft,PASS,2.288818359375e-05,4.1163541946610584e-08,0.9999999999999939
sample_0238,no,mel,PASS,2.288818359375e-05,1.1488434256607663e-07,0.999999999999994
sample_0238,no,log,PASS,8.96453857421875e-05,1.1189527363553274e-06,0.999999999999931
sample_0238,no,normalize,PASS,1.8596649169921875e-05,2.3226995367757367e-07,0.9999999999996939
sample_0239,no,fft,PASS,0.0001220703125,8.343314355145179e-08,0.9999999999999921
sample_0239,no,mel,PASS,6.103515625e-05,2.369572827909834e-07,0.9999999999999929
sample_0239,no,log,PASS,0.0001201629638671875,2.0266942204999745e-06,0.9999999999997123
sample_0239,no,normalize,PASS,2.4974346160888672e-05,4.2084100119375374e-07,0.9999999999987476
sample_0240,no,fft,PASS,3.814697265625e-06,8.663320552921102e-09,0.9999999999999917
sample_0240,no,mel,PASS,3.814697265625e-06,2.212211872213729e-08,0.9999999999999936
sample_0240,no,log,PASS,7.43865966796875e-05,6.582499061028777e-07,0.9999999999999553
sample_0240,no,normalize,PASS,1.537799835205078e-05,1.3671244304721696e-07,0.9999999999997454
sample_0241,no,fft,PASS,6.103515625e-05,1.6384710424453476e-07,0.9999999999999918
sample_0241,no,mel,PASS,6.103515625e-05,4.31786956594356e-07,0.9999999999999936
sample_0241,no,log,PASS,0.000152587890625,3.2777579600397167e-06,0.9999999999992469
sample_0241,no,normalize,PASS,3.170967102050781e-05,6.805941873356252e-07,0.9999999999980443
sample_0242,no,fft,PASS,4.57763671875e-05,8.463872661265086e-08,0.9999999999999912
sample_0242,no,mel,PASS,4.57763671875e-05,2.131204863175754e-07,0.9999999999999919
sample_0242,no,log,PASS,0.00013065338134765625,1.9415751336451326e-06,0.9999999999997212
sample_0242,no,normalize,PASS,2.7120113372802734e-05,4.024865921736017e-07,0.9999999999990107
sample_0243,no,fft,PASS,0.0001220703125,2.689160622660996e-07,0.9999999999999915
sample_0243,no,mel,PASS,0.0001220703125,7.397743915183326e-07,0.999999999999992
sample_0243,no,log,PASS,8.106231689453125e-05,1.017320395440398e-06,0.999999999999879
sample_0243,no,normalize,PASS,1.6808509826660156e-05,2.1136841807296294e-07,0.9999999999997522
sample_0244,no,fft,PASS,9.1552734375e-05,2.2142324207650027e-07,0.9999999999999897
sample_0244,no,mel,PASS,9.1552734375e-05,6.045592523757408e-07,0.9999999999999902
sample_0244,no,log,PASS,6.29425048828125e-05,9.899413811635355e-07,0.9999999999999186
sample_0244,no,normalize,PASS,1.3053417205810547e-05,2.0524027091272332e-07,0.9999999999997908
sample_0245,no,fft,PASS,9.1552734375e-05,2.128128521824925e-07,0.999999999999992
sample_0245,no,mel,PASS,9.1552734375e-05,5.5013622301583e-07,0.9999999999999941
sample_0245,no,log,PASS,0.0002422332763671875,1.8417259966689484e-06,0.9999999999996885
sample_0245,no,normalize,PASS,5.030632019042969e-05,3.826373340596565e-07,0.9999999999990068
sample_0246,no,fft,PASS,0.0001220703125,2.4830357757706695e-07,0.9999999999999941
sample_0246,no,mel,PASS,6.103515625e-05,6.382610041808644e-07,0.9999999999999949
sample_0246,no,log,PASS,0.00017070770263671875,2.917290432810885e-06,0.9999999999992035
sample_0246,no,normalize,PASS,3.546476364135742e-05,6.058436912720179e-07,0.9999999999977743
sample_0247,no,fft,PASS,6.103515625e-05,1.0279178332915861e-07,0.9999999999999941
sample_0247,no,mel,PASS,6.103515625e-05,2.953774702008093e-07,0.9999999999999939
sample_0247,no,log,PASS,4.76837158203125e-05,5.703964639491964e-07,0.9999999999999849
sample_0247,no,normalize,PASS,9.894371032714844e-06,1.1845896542671662e-07,0.9999999999999516
sample_0248,no,fft,PASS,9.1552734375e-05,1.0669811991232319e-07,0.9999999999999911
sample_0248,no,mel,PASS,9.1552734375e-05,2.996297025034403e-07,0.9999999999999906
sample_0248,no,log,PASS,0.00028228759765625,2.725859096496813e-06,0.9999999999987871
sample_0248,no,normalize,PASS,5.8650970458984375e-05,5.661904246567652e-07,0.9999999999957828
sample_0249,no,fft,PASS,3.814697265625e-06,4.54380293478224e-09,0.9999999999999916
sample_0249,no,mel,PASS,3.814697265625e-06,1.144692039726082e-08,0.9999999999999934
sample_0249,no,log,PASS,4.291534423828125e-05,1.052029882984162e-06,0.9999999999999578
sample_0249,no,normalize,PASS,8.940696716308594e-06,2.183786467741253e-07,0.9999999999997864
sample_0250,no,fft,PASS,9.1552734375e-05,1.722324438849755e-07,0.9999999999999909
sample_0250,no,mel,PASS,9.1552734375e-05,4.20454291751074e-07,0.9999999999999934
sample_0250,no,log,PASS,0.00024700164794921875,2.462237965587384e-06,0.9999999999993332
sample_0250,no,normalize,PASS,5.137920379638672e-05,5.110330423824305e-07,0.9999999999978941
sample_0251,no,fft,PASS,9.1552734375e-05,3.7954993376075176e-08,0.9999999999999916
sample_0251,no,mel,PASS,6.103515625e-05,1.0747728781819441e-07,0.999999999999991
sample_0251,no,log,PASS,8.869171142578125e-05,1.601377037575118e-06,0.9999999999998209
sample_0251,no,normalize,PASS,1.8477439880371094e-05,3.323087067917303e-07,0.9999999999990639
sample_0252,off,fft,PASS,1.52587890625e-05,3.551816780498712e-08,0.9999999999999903
sample_0252,off,mel,PASS,1.1444091796875e-05,8.895475913008566e-08,0.9999999999999927
sample_0252,off,log,PASS,9.822845458984375e-05,5.905046173841646e-07,0.9999999999999567
sample_0252,off,normalize,PASS,2.0384788513183594e-05,1.2237031492842639e-07,0.9999999999998365
sample_0253,off,fft,PASS,3.0517578125e-05,3.528380184726127e-08,0.9999999999999944
sample_0253,off,mel,PASS,3.0517578125e-05,8.723967477572563e-08,0.999999999999995
sample_0253,off,log,PASS,6.866455078125e-05,4.1721507994513404e-07,0.9999999999999447
sample_0253,off,normalize,PASS,1.424551010131836e-05,8.658746014139024e-08,0.9999999999998389
sample_0254,off,fft,PASS,3.814697265625e-06,6.757858880900031e-09,0.9999999999999938
sample_0254,off,mel,PASS,2.86102294921875e-06,1.4686514412612895e-08,0.9999999999999961
sample_0254,off,log,PASS,9.059906005859375e-05,5.168736552690516e-07,0.9999999999999554
sample_0254,off,normalize,PASS,1.8835067749023438e-05,1.0732419288597337e-07,0.999999999999794
sample_0255,off,fft,PASS,0.0001220703125,1.8284881878362787e-07,0.9999999999999929
sample_0255,off,mel,PASS,0.0001220703125,4.847810863147047e-07,0.9999999999999944
sample_0255,off,log,PASS,0.00014781951904296875,1.9264311103512174e-06,0.9999999999993621
sample_0255,off,normalize,PASS,3.069639205932617e-05,4.0001192012436384e-07,0.9999999999979788
sample_0256,off,fft,PASS,0.000244140625,2.276536400530531e-07,0.9999999999999951
sample_0256,off,mel,PASS,0.00018310546875,5.719024909442785e-07,0.9999999999999956
sample_0256,off,log,PASS,0.000179290771484375,1.2217684289311418e-06,0.9999999999994763
sample_0256,off,normalize,PASS,3.719329833984375e-05,2.539187584945899e-07,0.9999999999981823
sample_0257,off,fft,PASS,7.62939453125e-06,1.1363336224821986e-08,0.9999999999999868
sample_0257,off,mel,PASS,7.62939453125e-06,3.1267111179743466e-08,0.9999999999999876
sample_0257,off,log,PASS,1.9073486328125e-05,3.0200202006496266e-07,0.9999999999999962
sample_0257,off,normalize,PASS,3.933906555175781e-06,6.259098413600909e-08,0.9999999999999808
sample_0258,off,fft,PASS,0.000244140625,3.4149658159100397e-07,0.9999999999999919
sample_0258,off,mel,PASS,0.000244140625,8.988391170371324e-07,0.9999999999999922
sample_0258,off,log,PASS,0.00025081634521484375,1.5661709118947977e-06,0.9999999999995384
sample_0258,off,normalize,PASS,5.2034854888916016e-05,3.248431724360032e-07,0.9999999999982512
sample_0259,off,fft,PASS,3.814697265625e-05,6.264231634292557e-08,0.9999999999999878
sample_0259,off,mel,PASS,3.814697265625e-05,1.6008703670939697e-07,0.9999999999999901
sample_0259,off,log,PASS,0.00019073486328125,6.851332727819681e-07,0.9999999999998793
sample_0259,off,normalize,PASS,3.9577484130859375e-05,1.4292765969219202e-07,0.9999999999995098
sample_0260,off,fft,PASS,3.0517578125e-05,7.884066338909831e-08,0.9999999999999902
sample_0260,off,mel,PASS,3.0517578125e-05,1.9551284601469394e-07,0.9999999999999927
sample_0260,off,log,PASS,0.0003604888916015625,1.0622277138939145e-06,0.9999999999995939
sample_0260,off,normalize,PASS,7.480382919311523e-05,2.2052435188826246e-07,0.999999999998473
sample_0261,off,fft,PASS,0.0001220703125,1.5879158769138153e-07,0.9999999999999943
sample_0261,off,mel,PASS,0.0001220703125,3.4961596940056534e-07,0.9999999999999951
sample_0261,off,log,PASS,0.0001506805419921875,9.648467114109933e-07,0.9999999999998388
sample_0261,off,normalize,PASS,3.129243850708008e-05,2.0046824676395017e-07,0.9999999999994181
sample_0262,off,fft,PASS,0.00048828125,3.661459831010929e-07,0.9999999999999913
sample_0262,off,mel,PASS,0.000244140625,8.843863796891953e-07,0.999999999999994
sample_0262,off,log,PASS,3.2901763916015625e-05,6.535639192524025e-07,0.9999999999999853
sample_0262,off,normalize,PASS,6.8247318267822266e-06,1.3571472285692303e-07,0.9999999999999546
sample_0263,off,fft,PASS,0.0009765625,3.5903484235072494e-07,0.9999999999999869
sample_0263,off,mel,PASS,0.000732421875,5.89845291773555e-07,0.9999999999999883
sample_0263,off,log,PASS,4.291534423828125e-05,1.0821098443881451e-06,0.9999999999999325
sample_0263,off,normalize,PASS,8.881092071533203e-06,2.2511386251239e-07,0.9999999999998508
sample_0264,off,fft,PASS,3.814697265625e-06,4.27306363164466e-09,0.999999999999993
sample_0264,off,mel,PASS,3.814697265625e-06,1.1137956389881241e-08,0.999999999999995
sample_0264,off,log,PASS,6.67572021484375e-05,1.10286228026789e-06,0.9999999999999127
sample_0264,off,normalize,PASS,1.3828277587890625e-05,2.286932653019579e-07,0.9999999999995692
sample_0265,off,fft,PASS,2.288818359375e-05,4.845648362310508e-08,0.9999999999999925
sample_0265,off,mel,PASS,1.52587890625e-05,1.2060785861771903e-07,0.9999999999999956
sample_0265,off,log,PASS,0.000194549560546875,9.759313987088529e-07,0.9999999999994951
sample_0265,off,normalize,PASS,4.029273986816406e-05,2.025897253255301e-07,0.9999999999989844
sample_0266,off,fft,PASS,9.1552734375e-05,8.986269600365972e-08,0.9999999999999917
sample_0266,off,mel,PASS,6.103515625e-05,1.9056907740623285e-07,0.9999999999999949
sample_0266,off,log,PASS,7.534027099609375e-05,4.6307205494567016e-07,0.9999999999999596
sample_0266,off,normalize,PASS,1.5676021575927734e-05,9.591618922653165e-08,0.9999999999998537
sample_0267,off,fft,PASS,1.52587890625e-05,4.551944215239191e-08,0.9999999999999906
sample_0267,off,mel,PASS,1.52587890625e-05,1.21665853108003e-07,0.9999999999999923
sample_0267,off,log,PASS,0.00027561187744140625,2.864682251624394e-06,0.9999999999988115
sample_0267,off,normalize,PASS,5.7220458984375e-05,5.948277068437344e-07,0.9999999999956308
sample_0268,off,fft,PASS,1.1444091796875e-05,2.26797477581078e-08,0.9999999999999931
sample_0268,off,mel,PASS,7.62939453125e-06,6.178437216957056e-08,0.9999999999999939
sample_0268,off,log,PASS,0.00016307830810546875,3.782116806124208e-06,0.9999999999993586
sample_0268,off,normalize,PASS,3.3855438232421875e-05,7.845345376469172e-07,0.9999999999972049
sample_0269,off,fft,PASS,3.0517578125e-05,5.005966258387275e-08,0.9999999999999947
sample_0269,off,mel,PASS,3.0517578125e-05,1.1220420823928414e-07,0.9999999999999963
sample_0269,off,log,PASS,3.910064697265625e-05,5.380599471362363e-07,0.9999999999999621
sample_0269,off,normalize,PASS,8.106231689453125e-06,1.1144793641524123e-07,0.999999999999897
sample_0270,off,fft,PASS,0.000244140625,4.0229847103404586e-07,0.9999999999999931
sample_0270,off,mel,PASS,0.000244140625,9.113296159587659e-07,0.9999999999999951
sample_0270,off,log,PASS,0.000278472900390625,8.87097683354825e-07,0.9999999999996592
sample_0270,off,normalize,PASS,5.7816505432128906e-05,1.8411987688937592e-07,0.999999999999075
sample_0271,off,fft,PASS,6.103515625e-05,6.263318790182055e-08,0.99999999999999
sample_0271,off,mel,PASS,9.1552734375e-05,1.9194227203024976e-07,0.9999999999999895
sample_0271,off,log,PASS,0.0001049041748046875,9.995843977929613e-07,0.999999999999826
sample_0271,off,normalize,PASS,2.181529998779297e-05,2.0784343835450525e-07,0.9999999999991153
sample_0272,off,fft,PASS,0.00018310546875,1.248756855347508e-07,0.9999999999999913
sample_0272,off,mel,PASS,0.0001220703125,3.299715102344288e-07,0.9999999999999943
sample_0272,off,log,PASS,0.00011730194091796875,7.644964288113325e-07,0.9999999999999182
sample_0272,off,normalize,PASS,2.4318695068359375e-05,1.5872973842243203e-07,0.9999999999996068
sample_0273,off,fft,PASS,0.00018310546875,2.239678616041274e-07,0.9999999999999932
sample_0273,off,mel,PASS,0.0001220703125,5.304762177799676e-07,0.9999999999999954
sample_0273,off,log,PASS,0.0003185272216796875,1.8193570915425178e-06,0.999999999998889
sample_0273,off,normalize,PASS,6.61015510559082e-05,3.772803584880502e-07,0.9999999999971743
sample_0274,off,fft,PASS,5.340576171875e-05,7.74973297562019e-08,0.9999999999999911
sample_0274,off,mel,PASS,4.57763671875e-05,1.999859769293217e-07,0.9999999999999936
sample_0274,off,log,PASS,0.00034332275390625,1.400709008143311e-06,0.999999999999588
sample_0274,off,normalize,PASS,7.128715515136719e-05,2.903066385920058e-07,0.9999999999983628
sample_0275,off,fft,PASS,3.0517578125e-05,2.370044605993208e-08,0.9999999999999967
sample_0275,off,mel,PASS,6.67572021484375e-06,2.918482263779235e-08,0.9999999999999934
sample_0275,off,log,PASS,8.0108642578125e-05,1.715782970434405e-06,0.9999999999998044
sample_0275,off,normalize,PASS,1.6689300537109375e-05,3.5578864130326504e-07,0.9999999999990083
sample_0276,off,fft,PASS,7.152557373046875e-07,1.4128066146522412e-09,0.9999999999999915
sample_0276,off,mel,PASS,7.152557373046875e-07,3.0828794654616383e-09,0.9999999999999936
sample_0276,off,log,PASS,6.67572021484375e-06,2.9705962774777176e-07,0.9999999999999974
sample_0276,off,normalize,PASS,1.4007091522216797e-06,6.15530762113867e-08,0.9999999999999691
sample_0277,off,fft,PASS,5.7220458984375e-06,8.300129584682074e-09,0.9999999999999925
sample_0277,off,mel,PASS,5.7220458984375e-06,1.9033422448419462e-08,0.9999999999999952
sample_0277,off,log,PASS,0.00011444091796875,7.364432178184132e-07,0.9999999999999071
sample_0277,off,normalize,PASS,2.372264862060547e-05,1.5270623155422325e-07,0.9999999999993374
sample_0278,off,fft,PASS,3.0517578125e-05,2.512982179904358e-08,0.9999999999999926
sample_0278,off,mel,PASS,3.0517578125e-05,6.801294460118179e-08,0.9999999999999926
sample_0278,off,log,PASS,0.00013256072998046875,7.58424786260665e-07,0.9999999999999132
sample_0278,off,normalize,PASS,2.753734588623047e-05,1.5747773004207348e-07,0.999999999999589
sample_0279,off,fft,PASS,6.103515625e-05,6.858327566547202e-08,0.9999999999999938
sample_0279,off,mel,PASS,3.0517578125e-05,1.6205971422468476e-07,0.9999999999999969
sample_0279,off,log,PASS,6.29425048828125e-05,1.098187657598738e-06,0.999999999999951
sample_0279,off,normalize,PASS,1.3113021850585938e-05,2.2779973318897151e-07,0.9999999999997823
sample_0280,off,fft,PASS,0.0001220703125,1.2057173073584132e-07,0.9999999999999941
sample_0280,off,mel,PASS,0.0001220703125,3.272923815326523e-07,0.9999999999999918
sample_0280,off,log,PASS,3.62396240234375e-05,3.7639847055243533e-07,0.9999999999999948
sample_0280,off,normalize,PASS,7.510185241699219e-06,7.778928895529341e-08,0.999999999999982
sample_0281,off,fft,PASS,3.814697265625e-06,4.610396625017245e-09,0.9999999999999937
sample_0281,off,mel,PASS,2.86102294921875e-06,1.334450591831973e-08,0.9999999999999927
sample_0281,off,log,PASS,7.152557373046875e-05,1.5152660792112572e-06,0.9999999999998792
sample_0281,off,normalize,PASS,1.4901161193847656e-05,3.144085363457256e-07,0.9999999999993154
sample_0282,off,fft,PASS,7.62939453125e-06,8.675395514811068e-09,0.9999999999999917
sample_0282,off,mel,PASS,3.814697265625e-06,2.025739626868111e-08,0.9999999999999952
sample_0282,off,log,PASS,3.24249267578125e-05,8.687933753361282e-07,0.9999999999999704
sample_0282,off,normalize,PASS,6.735324859619141e-06,1.8043591569606872e-07,0.9999999999998036
sample_0283,off,fft,PASS,9.1552734375e-05,1.0579571134191766e-07,0.9999999999999891
sample_0283,off,mel,PASS,0.0001220703125,2.8682823843732406e-07,0.9999999999999903
sample_0283,off,log,PASS,2.09808349609375e-05,2.7425375093918035e-07,0.9999999999999959
sample_0283,off,normalize,PASS,4.3585896492004395e-06,5.6917006887569285e-08,0.999999999999985
sample_0284,off,fft,PASS,9.1552734375e-05,1.1473590559654647e-07,0.999999999999993
sample_0284,off,mel,PASS,0.0001220703125,2.8715521975977405e-07,0.9999999999999942
sample_0284,off,log,PASS,7.724761962890625e-05,3.355106324162611e-07,0.9999999999999921
sample_0284,off,normalize,PASS,1.6063451766967773e-05,6.908359216257589e-08,0.9999999999999712
sample_0285,off,fft,PASS,0.0001220703125,1.662569866017791e-07,0.9999999999999939
sample_0285,off,mel,PASS,0.0001220703125,4.261783281020256e-07,0.9999999999999944
sample_0285,off,log,PASS,4.38690185546875e-05,4.4339506053117954e-07,0.9999999999999868
sample_0285,off,normalize,PASS,9.119510650634766e-06,9.210537265773545e-08,0.9999999999999444
sample_0286,off,fft,PASS,6.103515625e-05,6.53143396184023e-08,0.9999999999999928
sample_0286,off,mel,PASS,3.0517578125e-05,1.5172116228824186e-07,0.9999999999999958
sample_0286,off,log,PASS,5.626678466796875e-05,5.424358233081011e-07,0.9999999999999638
sample_0286,off,normalize,PASS,1.1682510375976562e-05,1.1272754593369652e-07,0.9999999999998221
sample_0287,off,fft,PASS,0.00048828125,6.586309078811128e-07,0.9999999999999927
sample_0287,off,mel,PASS,0.000244140625,1.3794008230215606e-06,0.9999999999999966
sample_0287,off,log,PASS,3.0517578125e-05,3.485612330340439e-07,0.9999999999999845
sample_0287,off,normalize,PASS,6.332993507385254e-06,7.235965061019922e-08,0.9999999999999736
sample_0288,off,fft,PASS,0.0001220703125,1.4638204714718704e-07,0.9999999999999937
sample_0288,off,mel,PASS,0.0001220703125,3.634787625998959e-07,0.999999999999996
sample_0288,off,log,PASS,0.00018215179443359375,1.53121418587052e-06,0.9999999999994196
sample_0288,off,normalize,PASS,3.784894943237305e-05,3.1764696445006306e-07,0.9999999999975119
sample_0289,off,fft,PASS,0.000244140625,1.9046021061527258e-07,0.999999999999992
sample_0289,off,mel,PASS,0.000244140625,5.221603230062959e-07,0.9999999999999925
sample_0289,off,log,PASS,0.00024700164794921875,1.430807699735212e-06,0.999999999999511
sample_0289,off,normalize,PASS,5.125999450683594e-05,2.970713391804755e-07,0.9999999999978181
sample_0290,off,fft,PASS,7.62939453125e-06,1.766106745012628e-08,0.9999999999999889
sample_0290,off,mel,PASS,1.1444091796875e-05,4.214386019323126e-08,0.9999999999999919
sample_0290,off,log,PASS,0.00010204315185546875,1.0392509286230232e-06,0.9999999999998538
sample_0290,off,normalize,PASS,2.1219253540039062e-05,2.159083150857414e-07,0.9999999999994661
sample_0291,off,fft,PASS,3.0517578125e-05,7.863474267959306e-08,0.9999999999999905
sample_0291,off,mel,PASS,3.0517578125e-05,2.0599794955140626e-07,0.9999999999999919
sample_0291,off,log,PASS,0.00023365020751953125,1.2126832792424772e-06,0.9999999999997203
sample_0291,off,normalize,PASS,4.851818084716797e-05,2.5189416363099383e-07,0.9999999999990044
sample_0292,off,fft,PASS,0.00018310546875,9.370655786567835e-08,0.9999999999999858
sample_0292,off,mel,PASS,0.0001220703125,2.3793275901333359e-07,0.9999999999999915
sample_0292,off,log,PASS,0.000274658203125,1.4789729902986437e-06,0.9999999999994033
sample_0292,off,normalize,PASS,5.698204040527344e-05,3.0700307929286697e-07,0.9999999999969607
sample_0293,on,fft,PASS,6.103515625e-05,9.488105783805064e-08,0.9999999999999936
sample_0293,on,mel,PASS,6.103515625e-05,2.3198388686540383e-07,0.9999999999999948
sample_0293,on,log,PASS,0.0001087188720703125,1.1863569195363854e-06,0.999999999999906
sample_0293,on,normalize,PASS,2.2530555725097656e-05,2.459965339812247e-07,0.9999999999996636
sample_0294,on,fft,PASS,5.7220458984375e-06,1.3475880974237818e-08,0.9999999999999922
sample_0294,on,mel,PASS,5.7220458984375e-06,3.439972569942643e-08,0.9999999999999938
sample_0294,on,log,PASS,9.918212890625e-05,1.411969750202699e-06,0.9999999999998448
sample_0294,on,normalize,PASS,2.0623207092285156e-05,2.928800043237331e-07,0.999999999999306
sample_0295,on,fft,PASS,6.103515625e-05,1.1392506282299542e-07,0.9999999999999972
sample_0295,on,mel,PASS,6.103515625e-05,2.8973933669897516e-07,0.9999999999999967
sample_0295,on,log,PASS,8.392333984375e-05,9.558509893647377e-07,0.999999999999884
sample_0295,on,normalize,PASS,1.7464160919189453e-05,1.9808461085703318e-07,0.9999999999997606
sample_0296,on,fft,PASS,2.288818359375e-05,5.251940079790014e-08,0.9999999999999938
sample_0296,on,mel,PASS,2.288818359375e-05,1.3534241594555007e-07,0.9999999999999946
sample_0296,on,log,PASS,8.106231689453125e-05,1.4419856327522482e-06,0.9999999999998327
sample_0296,on,normalize,PASS,1.6808509826660156e-05,2.9909001163519355e-07,0.9999999999992789
sample_0297,on,fft,PASS,0.0001220703125,2.934444997691018e-07,0.9999999999999941
sample_0297,on,mel,PASS,0.0001220703125,6.800086072231726e-07,0.9999999999999963
sample_0297,on,log,PASS,0.00018024444580078125,2.1853933737862226e-06,0.9999999999993001
sample_0297,on,normalize,PASS,3.743171691894531e-05,4.536803987888345e-07,0.9999999999981974
sample_0298,on,fft,PASS,1.1444091796875e-05,2.794114435605819e-08,0.9999999999999937
sample_0298,on,mel,PASS,7.62939453125e-06,6.93044359151021e-08,0.9999999999999954
sample_0298,on,log,PASS,7.62939453125e-05,9.65706246938455e-07,0.9999999999999283
sample_0298,on,normalize,PASS,1.5854835510253906e-05,2.0051301011209385e-07,0.9999999999996764
sample_0299,on,fft,PASS,1.1444091796875e-05,1.4488194833112458e-08,0.9999999999999939
sample_0299,on,mel,PASS,1.1444091796875e-05,3.383763556701182e-08,0.999999999999995
sample_0299,on,log,PASS,1.049041748046875e-05,2.6526426928726456e-07,0.9999999999999957
sample_0299,on,normalize,PASS,2.175569534301758e-06,5.5438168502486504e-08,0.9999999999999878
sample_0300,on,fft,PASS,7.62939453125e-06,1.4464578063263763e-08,0.9999999999999936
sample_0300,on,mel,PASS,7.62939453125e-06,3.4090500912835784e-08,0.9999999999999953
sample_0300,on,log,PASS,2.86102294921875e-05,4.758402079316133e-07,0.9999999999999908
sample_0300,on,normalize,PASS,5.9604644775390625e-06,9.881917024601831e-08,0.9999999999999459
sample_0301,on,fft,PASS,0.0001220703125,3.249611148948281e-07,0.9999999999999899
sample_0301,on,mel,PASS,0.00018310546875,7.969408884275033e-07,0.9999999999999941
sample_0301,on,log,PASS,3.9577484130859375e-05,5.326535996785127e-07,0.9999999999999155
sample_0301,on,normalize,PASS,8.225440979003906e-06,1.1035605200617066e-07,0.999999999999965
sample_0302,on,fft,PASS,1.1444091796875e-05,2.5987190577182786e-08,0.9999999999999887
sample_0302,on,mel,PASS,9.5367431640625e-06,6.164039452831515e-08,0.9999999999999936
sample_0302,on,log,PASS,0.00020885467529296875,6.485572139534288e-07,0.9999999999998904
sample_0302,on,normalize,PASS,4.3392181396484375e-05,1.3424592043070288e-07,0.9999999999996076
sample_0303,on,fft,PASS,1.430511474609375e-06,4.713831897338072e-09,0.9999999999999957
sample_0303,on,mel,PASS,1.1920928955078125e-06,8.027290110951323e-09,0.9999999999999959
sample_0303,on,log,PASS,2.956390380859375e-05,1.591532450805575e-06,0.9999999999999677
sample_0303,on,normalize,PASS,6.139278411865234e-06,3.3029211390565267e-07,0.999999999999776
sample_0304,on,fft,PASS,0.000244140625,1.7455711012785914e-07,0.9999999999999953
sample_0304,on,mel,PASS,0.000244140625,5.180321878942211e-07,0.9999999999999957
sample_0304,on,log,PASS,0.0001068115234375,1.2136792930045931e-06,0.9999999999998959
sample_0304,on,normalize,PASS,2.2172927856445312e-05,2.519923823051118e-07,0.9999999999995373
sample_0305,on,fft,PASS,5.7220458984375e-06,1.2834581928407107e-08,0.9999999999999934
sample_0305,on,mel,PASS,5.7220458984375e-06,3.280191519945562e-08,0.9999999999999952
sample_0305,on,log,PASS,1.239776611328125e-05,2.3384549566267962e-07,0.9999999999999978
sample_0305,on,normalize,PASS,2.592802047729492e-06,4.857104789215834e-08,0.9999999999999918
sample_0306,on,fft,PASS,1.52587890625e-05,1.104363377590116e-08,0.9999999999999934
sample_0306,on,mel,PASS,1.52587890625e-05,2.8080044604159933e-08,0.9999999999999938
sample_0306,on,log,PASS,2.193450927734375e-05,3.8404146781062135e-07,0.9999999999999868
sample_0306,on,normalize,PASS,4.5299530029296875e-06,7.995636269247325e-08,0.9999999999998143
sample_0307,on,fft,PASS,0.00018310546875,4.125279467822301e-07,0.9999999999999919
sample_0307,on,mel,PASS,0.000244140625,9.739885808748493e-07,0.9999999999999939
sample_0307,on,log,PASS,4.291534423828125e-05,6.18418009325258e-07,0.9999999999999806
sample_0307,on,normalize,PASS,8.910894393920898e-06,1.2841339844496836e-07,0.9999999999999564
sample_0308,on,fft,PASS,9.1552734375e-05,1.1645346751127094e-07,0.9999999999999936
sample_0308,on,mel,PASS,9.1552734375e-05,3.110748613594994e-07,0.9999999999999948
sample_0308,on,log,PASS,6.67572021484375e-05,9.223221880320395e-07,0.9999999999999016
sample_0308,on,normalize,PASS,1.385807991027832e-05,1.9180746190019395e-07,0.9999999999997188
sample_0309,on,fft,PASS,0.0001220703125,1.941414361422888e-07,0.9999999999999942
sample_0309,on,mel,PASS,9.1552734375e-05,4.729550043923846e-07,0.9999999999999954
sample_0309,on,log,PASS,7.05718994140625e-05,7.025250086749877e-07,0.9999999999999639
sample_0309,on,normalize,PASS,1.4632940292358398e-05,1.4587300650571993e-07,0.9999999999998872
sample_0310,on,fft,PASS,0.0001220703125,2.540129041311952e-07,0.999999999999994
sample_0310,on,mel,PASS,9.1552734375e-05,6.63452098530605e-07,0.9999999999999952
sample_0310,on,log,PASS,0.0005578994750976562,7.2629442082969865e-06,0.9999999999942065
sample_0310,on,normalize,PASS,0.0001157522201538086,1.5082169099541446e-06,0.999999999984178
sample_0311,on,fft,PASS,4.76837158203125e-07,1.6386792439947187e-09,0.9999999999999921
sample_0311,on,mel,PASS,4.76837158203125e-07,3.593790309591074e-09,0.999999999999994
sample_0311,on,log,PASS,3.24249267578125e-05,1.3039046973404983e-06,0.9999999999999679
sample_0311,on,normalize,PASS,6.794929504394531e-06,2.7087959313233805e-07,0.9999999999998216
sample_0312,on,fft,PASS,4.57763671875e-05,8.788234432216131e-08,0.9999999999999912
sample_0312,on,mel,PASS,3.0517578125e-05,2.2480926472277662e-07,0.999999999999994
sample_0312,on,log,PASS,0.00027942657470703125,1.3140558108392329e-06,0.9999999999997182
sample_0312,on,normalize,PASS,5.793571472167969e-05,2.725762374886994e-07,0.999999999999003
sample_0313,on,fft,PASS,0.0001220703125,1.0126081740743863e-07,0.9999999999999943
sample_0313,on,mel,PASS,0.0001220703125,2.433247295797406e-07,0.9999999999999966
sample_0313,on,log,PASS,0.00013256072998046875,9.678561303252816e-07,0.9999999999996968
sample_0313,on,normalize,PASS,2.753734588623047e-05,2.0078982292898667e-07,0.9999999999991152
sample_0314,on,fft,PASS,3.0517578125e-05,6.933336935460725e-08,0.9999999999999957
sample_0314,on,mel,PASS,3.0517578125e-05,1.5111339643409652e-07,0.9999999999999966
sample_0314,on,log,PASS,0.00023555755615234375,8.711413642285521e-07,0.9999999999995582
sample_0314,on,normalize,PASS,4.89354133605957e-05,1.8121776934499889e-07,0.9999999999985798
sample_0315,on,fft,PASS,0.00018310546875,1.545440101735691e-07,0.9999999999999839
sample_0315,on,mel,PASS,0.0001220703125,3.86919590127262e-07,0.9999999999999897
sample_0315,on,log,PASS,0.00019931793212890625,1.1376957472478326e-06,0.9999999999998349
sample_0315,on,normalize,PASS,4.1365623474121094e-05,2.3630113135746653e-07,0.9999999999994849
sample_0316,on,fft,PASS,1.52587890625e-05,2.448247397214492e-08,0.9999999999999928
sample_0316,on,mel,PASS,1.52587890625e-05,6.500135770073719e-08,0.9999999999999932
sample_0316,on,log,PASS,0.00015163421630859375,2.5860589639615675e-06,0.9999999999994905
sample_0316,on,normalize,PASS,3.147125244140625e-05,5.37025973226444e-07,0.9999999999981629
sample_0317,on,fft,PASS,1.52587890625e-05,2.552235150875615e-08,0.9999999999999952
sample_0317,on,mel,PASS,1.52587890625e-05,7.119314385707112e-08,0.9999999999999956
sample_0317,on,log,PASS,0.00013828277587890625,4.03830032011305e-06,0.9999999999994343
sample_0317,on,normalize,PASS,2.872943878173828e-05,8.382213300227713e-07,0.9999999999977225
sample_0318,on,fft,PASS,4.76837158203125e-07,3.3392871435232555e-09,0.9999999999999907
sample_0318,on,mel,PASS,2.980232238769531e-07,8.357926082797997e-09,0.9999999999999897
sample_0318,on,log,PASS,2.86102294921875e-06,2.013817216306556e-07,0.9999999999999998
sample_0318,on,normalize,PASS,5.960464477539062e-07,4.2147213648739595e-08,0.9999999999999942
sample_0319,on,fft,PASS,0.00048828125,5.581177208757079e-07,0.9999999999999929
sample_0319,on,mel,PASS,0.00048828125,1.4343137351004326e-06,0.9999999999999947
sample_0319,on,log,PASS,9.822845458984375e-05,1.2660907621934577e-06,0.9999999999998492
sample_0319,on,normalize,PASS,2.0384788513183594e-05,2.632249705507858e-07,0.9999999999995307
sample_0320,on,fft,PASS,0.000244140625,2.7744179605686474e-07,0.9999999999999941
sample_0320,on,mel,PASS,0.00018310546875,7.190438400162859e-07,0.999999999999994
sample_0320,on,log,PASS,0.000125885009765625,1.084435089159351e-06,0.9999999999997251
sample_0320,on,normalize,PASS,2.6166439056396484e-05,2.2549173279750706e-07,0.999999999999314
sample_0321,on,fft,PASS,0.000244140625,2.7744179605686474e-07,0.9999999999999941
sample_0321,on,mel,PASS,0.00018310546875,7.190438400162859e-07,0.999999999999994
sample_0321,on,log,PASS,0.000125885009765625,1.084435089159351e-06,0.9999999999997251
sample_0321,on,normalize,PASS,2.6166439056396484e-05,2.2549173279750706e-07,0.999999999999314
sample_0322,on,fft,PASS,0.0001220703125,1.772830907117988e-07,0.9999999999999943
sample_0322,on,mel,PASS,0.0001220703125,4.648845015125365e-07,0.9999999999999952
sample_0322,on,log,PASS,0.00010395050048828125,1.992052473427309e-06,0.9999999999996405
sample_0322,on,normalize,PASS,2.1576881408691406e-05,4.1416373661750994e-07,0.9999999999990833
sample_0323,on,fft,PASS,1.1444091796875e-05,3.5250170705764186e-08,0.9999999999999901
sample_0323,on,mel,PASS,7.62939453125e-06,8.397470381986309e-08,0.9999999999999937
sample_0323,on,log,PASS,3.147125244140625e-05,3.982734210019249e-07,0.9999999999999809
sample_0323,on,normalize,PASS,6.5267086029052734e-06,8.210774089237398e-08,0.9999999999999502
sample_0324,on,fft,PASS,3.0517578125e-05,5.5239529350473927e-08,0.9999999999999926
sample_0324,on,mel,PASS,3.0517578125e-05,1.4230478778632366e-07,0.9999999999999929
sample_0324,on,log,PASS,6.4849853515625e-05,8.316576598433427e-07,0.9999999999999591
sample_0324,on,normalize,PASS,1.3470649719238281e-05,1.7207683881544186e-07,0.9999999999998173
sample_0325,on,fft,PASS,3.0517578125e-05,7.475937899528428e-08,0.9999999999999928
sample_0325,on,mel,PASS,3.0517578125e-05,1.8918324783190703e-07,0.9999999999999931
sample_0325,on,log,PASS,0.000400543212890625,3.5438713191727197e-06,0.9999999999983353
sample_0325,on,normalize,PASS,8.308887481689453e-05,7.36031466182326e-07,0.999999999993585
sample_0326,on,fft,PASS,3.814697265625e-06,1.4407873548413973e-08,0.9999999999999957
sample_0326,on,mel,PASS,5.7220458984375e-06,3.525486491958751e-08,0.999999999999995
sample_0326,on,log,PASS,3.719329833984375e-05,7.296551815994858e-07,0.9999999999999658
sample_0326,on,normalize,PASS,7.748603820800781e-06,1.511568713101609e-07,0.999999999999851
sample_0327,on,fft,PASS,6.103515625e-05,1.468867505602303e-07,0.9999999999999947
sample_0327,on,mel,PASS,3.0517578125e-05,3.684556447552072e-07,0.9999999999999963
sample_0327,on,log,PASS,7.82012939453125e-05,1.2756963949886814e-06,0.9999999999998815
sample_0327,on,normalize,PASS,1.621246337890625e-05,2.646876226316464e-07,0.9999999999996384
sample_0328,on,fft,PASS,3.0517578125e-05,5.2490486414945716e-08,0.9999999999999916
sample_0328,on,mel,PASS,3.0517578125e-05,1.390883044857024e-07,0.9999999999999919
sample_0328,on,log,PASS,0.0001163482666015625,1.5790188122577596e-06,0.9999999999998517
sample_0328,on,normalize,PASS,2.4199485778808594e-05,3.2799447815182923e-07,0.9999999999994538
sample_0329,on,fft,PASS,6.103515625e-05,1.0954297552076612e-07,0.9999999999999925
sample_0329,on,mel,PASS,6.103515625e-05,2.8246910687157345e-07,0.9999999999999937
sample_0329,on,log,PASS,3.147125244140625e-05,3.819435426854704e-07,0.999999999999993
sample_0329,on,normalize,PASS,6.5267086029052734e-06,7.936524178887231e-08,0.9999999999999764
sample_0330,on,fft,PASS,6.103515625e-05,1.5309510033214923e-07,0.9999999999999933
sample_0330,on,mel,PASS,6.103515625e-05,4.0865678123515475e-07,0.9999999999999938
sample_0330,on,log,PASS,4.863739013671875e-05,1.090039449541064e-06,0.9999999999999355
sample_0330,on,normalize,PASS,1.0132789611816406e-05,2.2668509340256055e-07,0.9999999999997992
sample_0331,on,fft,PASS,4.57763671875e-05,1.283924238954337e-07,0.9999999999999907
sample_0331,on,mel,PASS,3.0517578125e-05,3.503845595886901e-07,0.9999999999999922
sample_0331,on,log,PASS,0.00026607513427734375,2.7126467949249737e-06,0.99999999999939
sample_0331,on,normalize,PASS,5.519390106201172e-05,5.626833365450954e-07,0.9999999999977931
sample_0332,on,fft,PASS,9.1552734375e-05,7.155966860846841e-08,0.9999999999999921
sample_0332,on,mel,PASS,6.103515625e-05,1.6325025240098108e-07,0.9999999999999943
sample_0332,on,log,PASS,0.00047206878662109375,1.27432101387715e-06,0.9999999999995757
sample_0332,on,normalize,PASS,9.799003601074219e-05,2.640900260807444e-07,0.9999999999985281
sample_0333,on,fft,PASS,4.57763671875e-05,1.223130143449131e-07,0.9999999999999886
sample_0333,on,mel,PASS,3.814697265625e-05,3.2639242540813214e-07,0.9999999999999913
sample_0333,on,log,PASS,0.000125885009765625,2.2901918908804748e-06,0.9999999999996432
sample_0333,on,normalize,PASS,2.6106834411621094e-05,4.7538956681423185e-07,0.9999999999989335
sample_0334,right,fft,PASS,7.62939453125e-06,2.044299552060923e-08,0.9999999999999891
sample_0334,right,mel,PASS,7.62939453125e-06,4.830064793260157e-08,0.9999999999999925
sample_0334,right,log,PASS,0.0001506805419921875,2.021237252289337e-06,0.9999999999996844
sample_0334,right,normalize,PASS,3.123283386230469e-05,4.190483111577321e-07,0.9999999999988777
sample_0335,right,fft,PASS,1.9073486328125e-06,4.301982264791058e-09,0.9999999999999908
sample_0335,right,mel,PASS,1.9073486328125e-06,1.0731341240619167e-08,0.999999999999992
sample_0335,right,log,PASS,8.0108642578125e-05,8.367800060429121e-07,0.9999999999999571
sample_0335,right,normalize,PASS,1.6689300537109375e-05,1.740585377216247e-07,0.9999999999998095
sample_0336,right,fft,PASS,0.000213623046875,4.7275286708517834e-07,0.9999999999999921
sample_0336,right,mel,PASS,0.00018310546875,1.273031947245934e-06,0.9999999999999938
sample_0336,right,log,PASS,0.000186920166015625,1.961736632096074e-06,0.9999999999995103
sample_0336,right,normalize,PASS,3.88026237487793e-05,4.0772799269292915e-07,0.9999999999989538
sample_0337,right,fft,PASS,0.0003662109375,3.601086821180122e-07,0.9999999999999902
sample_0337,right,mel,PASS,0.000244140625,1.0271902718118993e-06,0.9999999999999906
sample_0337,right,log,PASS,0.0002269744873046875,2.3445453653849734e-06,0.9999999999993191
sample_0337,right,normalize,PASS,4.7147274017333984e-05,4.859022404765134e-07,0.9999999999982189
sample_0338,right,fft,PASS,3.814697265625e-06,5.0842300209695976e-09,0.999999999999989
sample_0338,right,mel,PASS,2.86102294921875e-06,1.2829629875528753e-08,0.9999999999999912
sample_0338,right,log,PASS,2.384185791015625e-05,4.4235617895195683e-07,0.9999999999999949
sample_0338,right,normalize,PASS,4.947185516357422e-06,9.204931941867741e-08,0.9999999999999559
sample_0339,right,fft,PASS,0.00048828125,4.862342740279013e-07,0.9999999999999938
sample_0339,right,mel,PASS,0.00048828125,1.313410615150742e-06,0.9999999999999937
sample_0339,right,log,PASS,0.00013065338134765625,9.462721101215829e-07,0.9999999999998691
sample_0339,right,normalize,PASS,2.714991569519043e-05,1.9635669136417587e-07,0.999999999999679
sample_0340,right,fft,PASS,1.52587890625e-05,2.713906518341987e-08,0.9999999999999887
sample_0340,right,mel,PASS,1.52587890625e-05,7.268196004566581e-08,0.9999999999999886
sample_0340,right,log,PASS,6.103515625e-05,5.040172542823423e-07,0.9999999999999799
sample_0340,right,normalize,PASS,1.2636184692382812e-05,1.0485326237187002e-07,0.9999999999999147
sample_0341,right,fft,PASS,1.1444091796875e-05,1.3044043755072216e-08,0.9999999999999937
sample_0341,right,mel,PASS,1.1444091796875e-05,3.421855818719124e-08,0.9999999999999958
sample_0341,right,log,PASS,7.43865966796875e-05,1.1268726522379583e-06,0.9999999999998997
sample_0341,right,normalize,PASS,1.5497207641601562e-05,2.3390069568764861e-07,0.9999999999994778
sample_0342,right,fft,PASS,2.288818359375e-05,1.4859105328835928e-08,0.9999999999999934
sample_0342,right,mel,PASS,2.288818359375e-05,4.070719923080029e-08,0.9999999999999947
sample_0342,right,log,PASS,8.58306884765625e-05,2.9285153083613896e-07,0.9999999999999815
sample_0342,right,normalize,PASS,1.7821788787841797e-05,6.09769101922013e-08,0.9999999999999257
sample_0343,right,fft,PASS,0.0001220703125,1.7801761830942295e-07,0.9999999999999961
sample_0343,right,mel,PASS,0.0001220703125,4.5610099437788625e-07,0.9999999999999961
sample_0343,right,log,PASS,0.00033664703369140625,2.6690989639379528e-06,0.9999999999990652
sample_0343,right,normalize,PASS,6.985664367675781e-05,5.545429042168768e-07,0.9999999999973882
sample_0344,right,fft,PASS,0.000152587890625,1.3390374648680965e-07,0.9999999999999931
sample_0344,right,mel,PASS,0.0001220703125,3.287502263996553e-07,0.9999999999999951
sample_0344,right,log,PASS,2.956390380859375e-05,3.5704082133949243e-07,0.9999999999999905
sample_0344,right,normalize,PASS,6.1355531215667725e-06,7.41724761610385e-08,0.9999999999999724
sample_0345,right,fft,PASS,0.0001220703125,1.1431907916374762e-07,0.9999999999999921
sample_0345,right,mel,PASS,0.0001220703125,3.1795648955493606e-07,0.9999999999999933
sample_0345,right,log,PASS,0.0003528594970703125,5.615608940145352e-06,0.999999999996767
sample_0345,right,normalize,PASS,7.331371307373047e-05,1.1659449408416368e-06,0.9999999999891173
sample_0346,right,fft,PASS,6.103515625e-05,4.294295215601825e-08,0.9999999999999929
sample_0346,right,mel,PASS,3.0517578125e-05,1.1007414614663988e-07,0.9999999999999949
sample_0346,right,log,PASS,0.00038909912109375,1.129580605175752e-06,0.9999999999996222
sample_0346,right,normalize,PASS,8.07046890258789e-05,2.3452821101227977e-07,0.999999999998579
sample_0347,right,fft,PASS,7.62939453125e-06,2.3941498961064472e-08,0.9999999999999913
sample_0347,right,mel,PASS,7.62939453125e-06,6.324537352570102e-08,0.9999999999999927
sample_0347,right,log,PASS,0.0002307891845703125,3.2192704989344325e-06,0.9999999999992237
sample_0347,right,normalize,PASS,4.780292510986328e-05,6.679861099196432e-07,0.9999999999974154
sample_0348,right,fft,PASS,0.0006103515625,2.64710126578155e-07,0.9999999999999897
sample_0348,right,mel,PASS,0.0003662109375,5.718702197666616e-07,0.9999999999999954
sample_0348,right,log,PASS,0.0005064010620117188,3.2705866753603195e-06,0.9999999999978897
sample_0348,right,normalize,PASS,0.00010508298873901367,6.79058186842712e-07,0.9999999999940636
sample_0349,right,fft,PASS,0.0001220703125,2.0428147672862196e-07,0.999999999999991
sample_0349,right,mel,PASS,0.0001220703125,5.616652907720005e-07,0.9999999999999918
sample_0349,right,log,PASS,0.000255584716796875,1.1005090482735841e-06,0.9999999999995972
sample_0349,right,normalize,PASS,5.3048133850097656e-05,2.2809540001113004e-07,0.9999999999989324
sample_0350,right,fft,PASS,9.1552734375e-05,1.0778906247679778e-07,0.9999999999999917
sample_0350,right,mel,PASS,6.103515625e-05,2.574326090588624e-07,0.9999999999999942
sample_0350,right,log,PASS,0.0003452301025390625,1.7712611026743814e-06,0.9999999999990692
sample_0350,right,normalize,PASS,7.164478302001953e-05,3.683989851395219e-07,0.9999999999970824
sample_0351,right,fft,PASS,9.5367431640625e-06,1.7609253960412374e-08,0.999999999999994
sample_0351,right,mel,PASS,7.62939453125e-06,4.700540537113915e-08,0.9999999999999946
sample_0351,right,log,PASS,0.000118255615234375,1.2352352899655994e-06,0.9999999999998118
sample_0351,right,normalize,PASS,2.4437904357910156e-05,2.5626176655278677e-07,0.9999999999992293
sample_0352,right,fft,PASS,0.0001220703125,1.7676544053117782e-07,0.999999999999993
sample_0352,right,mel,PASS,0.0001220703125,4.6083546968873775e-07,0.999999999999994
sample_0352,right,log,PASS,0.00019168853759765625,9.589367067800964e-07,0.9999999999998053
sample_0352,right,normalize,PASS,3.978610038757324e-05,1.9877639301334472e-07,0.9999999999994099
sample_0353,right,fft,PASS,9.1552734375e-05,1.8170226473408296e-07,0.9999999999999913
sample_0353,right,mel,PASS,6.103515625e-05,4.2635372803202936e-07,0.9999999999999942
sample_0353,right,log,PASS,0.00013446807861328125,1.3919314027373163e-06,0.9999999999996068
sample_0353,right,normalize,PASS,2.7894973754882812e-05,2.88489832876234e-07,0.9999999999988732
sample_0354,right,fft,PASS,0.00048828125,4.1855256790306883e-07,0.9999999999999916
sample_0354,right,mel,PASS,0.000244140625,1.1017041113671726e-06,0.9999999999999929
sample_0354,right,log,PASS,0.00015735626220703125,1.3058798609419303e-06,0.9999999999997046
sample_0354,right,normalize,PASS,3.266334533691406e-05,2.7030475702403157e-07,0.9999999999994998
sample_0355,right,fft,PASS,1.52587890625e-05,8.430318078691636e-09,0.9999999999999906
sample_0355,right,mel,PASS,1.52587890625e-05,2.1604309419550638e-08,0.9999999999999926
sample_0355,right,log,PASS,4.57763671875e-05,5.946326247326532e-07,0.9999999999999687
sample_0355,right,normalize,PASS,9.5367431640625e-06,1.2318652789143035e-07,0.9999999999998046
sample_0356,right,fft,PASS,2.86102294921875e-06,4.249443122622554e-09,0.9999999999999915
sample_0356,right,mel,PASS,2.86102294921875e-06,1.0061029292413532e-08,0.9999999999999923
sample_0356,right,log,PASS,4.38690185546875e-05,6.638187511667314e-07,0.9999999999999768
sample_0356,right,normalize,PASS,9.179115295410156e-06,1.3797074247446686e-07,0.9999999999998075
sample_0357,right,fft,PASS,4.57763671875e-05,1.0533331804188126e-07,0.9999999999999883
sample_0357,right,mel,PASS,4.57763671875e-05,2.679210280467612e-07,0.9999999999999903
sample_0357,right,log,PASS,9.918212890625e-05,7.591332736284481e-07,0.9999999999999241
sample_0357,right,normalize,PASS,2.0623207092285156e-05,1.5759448417318905e-07,0.9999999999997343
sample_0358,right,fft,PASS,4.57763671875e-05,1.102875960084573e-07,0.9999999999999918
sample_0358,right,mel,PASS,4.57763671875e-05,2.820050134621065e-07,0.9999999999999928
sample_0358,right,log,PASS,0.00020885467529296875,2.086196297235495e-06,0.9999999999993509
sample_0358,right,normalize,PASS,4.3392181396484375e-05,4.330914941086724e-07,0.9999999999979482
sample_0359,right,fft,PASS,4.57763671875e-05,8.348542510238804e-08,0.9999999999999951
sample_0359,right,mel,PASS,3.0517578125e-05,2.0483618611962856e-07,0.9999999999999961
sample_0359,right,log,PASS,0.000202178955078125,1.344280931199578e-06,0.9999999999996948
sample_0359,right,normalize,PASS,4.1961669921875e-05,2.79146409204511e-07,0.9999999999989432
sample_0360,right,fft,PASS,0.0001220703125,1.4739890254133034e-07,0.9999999999999921
sample_0360,right,mel,PASS,0.0001220703125,3.449844400967855e-07,0.9999999999999932
sample_0360,right,log,PASS,8.58306884765625e-05,9.107521007103744e-07,0.999999999999923
sample_0360,right,normalize,PASS,1.7881393432617188e-05,1.8958184732087324e-07,0.9999999999997559
sample_0361,right,fft,PASS,0.0001220703125,2.5642022092048613e-07,0.9999999999999936
sample_0361,right,mel,PASS,9.1552734375e-05,6.815724495842669e-07,0.9999999999999946
sample_0361,right,log,PASS,0.0001163482666015625,1.3578172064905567e-06,0.9999999999998099
sample_0361,right,normalize,PASS,2.4199485778808594e-05,2.8217313103037796e-07,0.9999999999995031
sample_0362,right,fft,PASS,2.288818359375e-05,2.14177809558191e-08,0.9999999999999964
sample_0362,right,mel,PASS,3.0517578125e-05,6.26057934773311e-08,0.9999999999999933
sample_0362,right,log,PASS,0.0001392364501953125,1.309987541984324e-06,0.9999999999998052
sample_0362,right,normalize,PASS,2.8848648071289062e-05,2.718945667072716e-07,0.9999999999990855
sample_0363,right,fft,PASS,6.103515625e-05,1.1251841871375771e-07,0.9999999999999903
sample_0363,right,mel,PASS,4.57763671875e-05,2.831962205510707e-07,0.9999999999999933
sample_0363,right,log,PASS,4.482269287109375e-05,5.547136776057063e-07,0.9999999999999519
sample_0363,right,normalize,PASS,9.298324584960938e-06,1.1466933583528546e-07,0.9999999999998989
sample_0364,right,fft,PASS,6.103515625e-05,1.1746686617097247e-07,0.9999999999999958
sample_0364,right,mel,PASS,6.103515625e-05,2.7408930309951817e-07,0.9999999999999952
sample_0364,right,log,PASS,9.632110595703125e-05,1.0118544515976417e-06,0.999999999999843
sample_0364,right,normalize,PASS,1.996755599975586e-05,2.1016401408607888e-07,0.9999999999994701
sample_0365,right,fft,PASS,0.0003662109375,4.353717021382369e-07,0.9999999999999937
sample_0365,right,mel,PASS,0.000244140625,1.1238300545921805e-06,0.999999999999995
sample_0365,right,log,PASS,0.00022411346435546875,1.5646744419193577e-06,0.9999999999995748
sample_0365,right,normalize,PASS,4.649162292480469e-05,3.2465084244688455e-07,0.9999999999989617
sample_0366,right,fft,PASS,4.57763671875e-05,1.2334880978146227e-07,0.9999999999999921
sample_0366,right,mel,PASS,4.57763671875e-05,2.954342183807149e-07,0.9999999999999943
sample_0366,right,log,PASS,2.384185791015625e-05,4.144977619133816e-07,0.9999999999999908
sample_0366,right,normalize,PASS,4.947185516357422e-06,8.624445260042788e-08,0.9999999999999709
sample_0367,right,fft,PASS,9.1552734375e-05,1.4761335975928003e-07,0.9999999999999927
sample_0367,right,mel,PASS,9.1552734375e-05,3.412114105122707e-07,0.9999999999999946
sample_0367,right,log,PASS,6.961822509765625e-05,6.807911796107027e-07,0.9999999999999518
sample_0367,right,normalize,PASS,1.4424324035644531e-05,1.4157795379618944e-07,0.999999999999859
sample_0368,right,fft,PASS,2.288818359375e-05,4.730175727601271e-08,0.9999999999999921
sample_0368,right,mel,PASS,2.288818359375e-05,1.202072949608053e-07,0.9999999999999934
sample_0368,right,log,PASS,0.00032711029052734375,2.7072434959066387e-06,0.9999999999988871
sample_0368,right,normalize,PASS,6.783008575439453e-05,5.619905807341836e-07,0.9999999999958714
sample_0369,right,fft,PASS,9.1552734375e-05,1.6840034002276313e-07,0.9999999999999903
sample_0369,right,mel,PASS,6.103515625e-05,3.936969677261792e-07,0.9999999999999928
sample_0369,right,log,PASS,0.000148773193359375,8.256545625765356e-07,0.9999999999998213
sample_0369,right,normalize,PASS,3.0875205993652344e-05,1.717065101324311e-07,0.9999999999994352
sample_0370,right,fft,PASS,0.000732421875,1.3857981124673892e-06,0.9999999999999903
sample_0370,right,mel,PASS,0.00048828125,3.476262104593861e-06,0.9999999999999923
sample_0370,right,log,PASS,3.4809112548828125e-05,5.700515853592637e-07,0.9999999999999512
sample_0370,right,normalize,PASS,7.227063179016113e-06,1.1795916206850025e-07,0.9999999999999643
sample_0371,right,fft,PASS,3.814697265625e-06,5.78178213951548e-09,0.9999999999999916
sample_0371,right,mel,PASS,3.814697265625e-06,1.4681740810994394e-08,0.9999999999999923
sample_0371,right,log,PASS,5.626678466796875e-05,5.847514240476903e-07,0.9999999999999659
sample_0371,right,normalize,PASS,1.1682510375976562e-05,1.211759052527515e-07,0.9999999999997997
sample_0372,right,fft,PASS,9.1552734375e-05,7.996045427509502e-08,0.9999999999999942
sample_0372,right,mel,PASS,6.103515625e-05,2.1844652682554004e-07,0.9999999999999949
sample_0372,right,log,PASS,5.340576171875e-05,6.755411833533926e-07,0.9999999999999425
sample_0372,right,normalize,PASS,1.1086463928222656e-05,1.3987827704041404e-07,0.9999999999997627
sample_0373,right,fft,PASS,7.62939453125e-06,1.2836044831620973e-08,0.9999999999999923
sample_0373,right,mel,PASS,5.7220458984375e-06,3.557136457335547e-08,0.9999999999999923
sample_0373,right,log,PASS,6.866455078125e-05,1.0011295167300481e-06,0.9999999999999106
sample_0373,right,normalize,PASS,1.424551010131836e-05,2.0814185167056517e-07,0.9999999999994515
sample_0374,right,fft,PASS,2.288818359375e-05,1.4204238795484922e-08,0.9999999999999951
sample_0374,right,mel,PASS,1.1444091796875e-05,3.862855233922426e-08,0.9999999999999949
sample_0374,right,log,PASS,0.0001735687255859375,1.0762380385347227e-06,0.9999999999998028
sample_0374,right,normalize,PASS,3.600120544433594e-05,2.2315243813413827e-07,0.9999999999989756
sample_0375,right,fft,PASS,3.814697265625e-05,1.3503980571795966e-07,0.9999999999999893
sample_0375,right,mel,PASS,3.814697265625e-05,3.5076979348201765e-07,0.9999999999999919
sample_0375,right,log,PASS,0.00019168853759765625,2.4839267881712784e-06,0.9999999999995065
sample_0375,right,normalize,PASS,3.981590270996094e-05,5.158046838230371e-07,0.9999999999985795
sample_0376,stop,fft,PASS,4.57763671875e-05,6.06451541512108e-08,0.9999999999999922
sample_0376,stop,mel,PASS,4.57763671875e-05,1.5940392757578151e-07,0.9999999999999944
sample_0376,stop,log,PASS,0.0001277923583984375,1.3568058798993282e-06,0.9999999999997672
sample_0376,stop,normalize,PASS,2.6524066925048828e-05,2.8142554889776566e-07,0.9999999999988622
sample_0377,stop,fft,PASS,0.00048828125,6.113226137657869e-07,0.9999999999999938
sample_0377,stop,mel,PASS,0.00048828125,1.449027349167112e-06,0.9999999999999939
sample_0377,stop,log,PASS,0.00014019012451171875,6.858778337712889e-07,0.9999999999999039
sample_0377,stop,normalize,PASS,2.9087066650390625e-05,1.420212412887111e-07,0.9999999999997726
sample_0378,stop,fft,PASS,4.57763671875e-05,5.96586943518986e-08,0.9999999999999853
sample_0378,stop,mel,PASS,4.57763671875e-05,1.509362259292069e-07,0.9999999999999878
sample_0378,stop,log,PASS,4.1961669921875e-05,5.441117609014255e-07,0.9999999999999868
sample_0378,stop,normalize,PASS,8.702278137207031e-06,1.1316583233097071e-07,0.9999999999999406
sample_0379,stop,fft,PASS,1.52587890625e-05,2.4560445571491534e-08,0.9999999999999889
sample_0379,stop,mel,PASS,7.62939453125e-06,6.33762428356581e-08,0.9999999999999912
sample_0379,stop,log,PASS,3.4332275390625e-05,5.410186166964104e-07,0.9999999999999803
sample_0379,stop,normalize,PASS,7.092952728271484e-06,1.1221044866879941e-07,0.9999999999998999
sample_0380,stop,fft,PASS,6.103515625e-05,8.070662067455731e-08,0.9999999999999936
sample_0380,stop,mel,PASS,6.103515625e-05,1.933749733597979e-07,0.9999999999999942
sample_0380,stop,log,PASS,4.482269287109375e-05,1.0230249983470629e-06,0.9999999999999698
sample_0380,stop,normalize,PASS,9.298324584960938e-06,2.1265990167509276e-07,0.9999999999998858
sample_0381,stop,fft,PASS,3.0517578125e-05,7.564341954033575e-08,0.9999999999999947
sample_0381,stop,mel,PASS,3.0517578125e-05,1.9742048712955546e-07,0.9999999999999941
sample_0381,stop,log,PASS,0.000240325927734375,8.165323127079571e-07,0.999999999999895
sample_0381,stop,normalize,PASS,4.988908767700195e-05,1.6981105338597652e-07,0.9999999999996354
sample_0382,stop,fft,PASS,9.1552734375e-05,7.78168664547919e-08,0.9999999999999881
sample_0382,stop,mel,PASS,9.1552734375e-05,1.9911228574707635e-07,0.9999999999999893
sample_0382,stop,log,PASS,0.0001125335693359375,5.648259619841039e-07,0.9999999999999566
sample_0382,stop,normalize,PASS,2.3365020751953125e-05,1.1720385823582096e-07,0.9999999999998319
sample_0383,stop,fft,PASS,4.57763671875e-05,4.832174183518096e-08,0.9999999999999946
sample_0383,stop,mel,PASS,3.0517578125e-05,1.3536333216919865e-07,0.9999999999999949
sample_0383,stop,log,PASS,0.00011444091796875,8.764510483268906e-07,0.9999999999999276
sample_0383,stop,normalize,PASS,2.378225326538086e-05,1.8261067398811118e-07,0.9999999999996544
sample_0384,stop,fft,PASS,1.52587890625e-05,2.3733672201092074e-08,0.9999999999999962
sample_0384,stop,mel,PASS,1.52587890625e-05,5.226704246048393e-08,0.9999999999999972
sample_0384,stop,log,PASS,0.000125885009765625,1.2939274143934766e-06,0.9999999999998697
sample_0384,stop,normalize,PASS,2.6226043701171875e-05,2.689692265259581e-07,0.9999999999994464
sample_0385,stop,fft,PASS,0.0001220703125,9.165183039035983e-08,0.9999999999999943
sample_0385,stop,mel,PASS,6.103515625e-05,2.1706576886020576e-07,0.9999999999999964
sample_0385,stop,log,PASS,0.000274658203125,2.121191728562762e-06,0.9999999999990461
sample_0385,stop,normalize,PASS,5.710124969482422e-05,4.397523811673123e-07,0.9999999999963826
sample_0386,stop,fft,PASS,0.0001220703125,5.222347540766331e-08,0.9999999999999825
sample_0386,stop,mel,PASS,9.1552734375e-05,1.3193694477893688e-07,0.9999999999999879
sample_0386,stop,log,PASS,6.29425048828125e-05,8.16549638131781e-07,0.9999999999999641
sample_0386,stop,normalize,PASS,1.2993812561035156e-05,1.6948840788929807e-07,0.9999999999998443
sample_0387,stop,fft,PASS,0.000244140625,1.6169645599296037e-07,0.999999999999994
sample_0387,stop,mel,PASS,0.000244140625,3.853763211247151e-07,0.9999999999999961
sample_0387,stop,log,PASS,0.00011444091796875,1.3086663433442834e-06,0.9999999999998566
sample_0387,stop,normalize,PASS,2.372264862060547e-05,2.7176079894692664e-07,0.9999999999994456
sample_0388,stop,fft,PASS,3.0517578125e-05,4.1802553277129944e-08,0.9999999999999951
sample_0388,stop,mel,PASS,3.0517578125e-05,1.0500769326128851e-07,0.9999999999999966
sample_0388,stop,log,PASS,0.00014781951904296875,1.5773152296274606e-06,0.9999999999997855
sample_0388,stop,normalize,PASS,3.069639205932617e-05,3.273899613367855e-07,0.9999999999990681
sample_0389,stop,fft,PASS,0.0001220703125,6.585099748363472e-08,0.999999999999994
sample_0389,stop,mel,PASS,0.0001220703125,1.8116956857489097e-07,0.9999999999999949
sample_0389,stop,log,PASS,5.91278076171875e-05,6.904946765121843e-07,0.9999999999999623
sample_0389,stop,normalize,PASS,1.2278556823730469e-05,1.4293144625181673e-07,0.9999999999998072
sample_0390,stop,fft,PASS,0.000244140625,1.535026608765695e-07,0.9999999999999805
sample_0390,stop,mel,PASS,0.000244140625,4.0237059764169037e-07,0.9999999999999852
sample_0390,stop,log,PASS,0.00013446807861328125,9.283200534530869e-07,0.9999999999998832
sample_0390,stop,normalize,PASS,2.7894973754882812e-05,1.925125701799885e-07,0.999999999999427
sample_0391,stop,fft,PASS,0.0001220703125,1.6117462085647685e-07,0.9999999999999908
sample_0391,stop,mel,PASS,0.0001220703125,3.716771853016188e-07,0.9999999999999932
sample_0391,stop,log,PASS,0.0002079010009765625,1.2680688906575686e-06,0.999999999999659
sample_0391,stop,normalize,PASS,4.315376281738281e-05,2.6327644254796734e-07,0.999999999998559
sample_0392,stop,fft,PASS,4.57763671875e-05,7.736477404839202e-08,0.9999999999999892
sample_0392,stop,mel,PASS,4.57763671875e-05,1.7530363371712733e-07,0.9999999999999933
sample_0392,stop,log,PASS,3.719329833984375e-05,4.533629052194457e-07,0.9999999999999718
sample_0392,stop,normalize,PASS,7.718801498413086e-06,9.423056686536805e-08,0.9999999999999303
sample_0393,stop,fft,PASS,7.62939453125e-06,1.2028033060950086e-08,0.9999999999999897
sample_0393,stop,mel,PASS,1.52587890625e-05,2.832905780888055e-08,0.9999999999999948
sample_0393,stop,log,PASS,0.0001220703125,6.602482010361434e-07,0.9999999999999544
sample_0393,stop,normalize,PASS,2.5391578674316406e-05,1.371034717395911e-07,0.9999999999998076
sample_0394,stop,fft,PASS,1.52587890625e-05,3.1558178661701226e-08,0.9999999999999871
sample_0394,stop,mel,PASS,1.1444091796875e-05,6.898179448118038e-08,0.9999999999999917
sample_0394,stop,log,PASS,8.7738037109375e-05,1.0839896033460962e-06,0.9999999999999053
sample_0394,stop,normalize,PASS,1.817941665649414e-05,2.2515650745827041e-07,0.9999999999996647
sample_0395,stop,fft,PASS,3.5762786865234375e-07,1.5854441398823264e-09,0.999999999999988
sample_0395,stop,mel,PASS,2.384185791015625e-07,3.5275890987163215e-09,0.9999999999999905
sample_0395,stop,log,PASS,7.62939453125e-06,3.117556213447363e-07,0.9999999999999977
sample_0395,stop,normalize,PASS,1.5795230865478516e-06,6.465661994802264e-08,0.9999999999999704
sample_0396,stop,fft,PASS,6.103515625e-05,1.1642694227403949e-07,0.9999999999999922
sample_0396,stop,mel,PASS,6.103515625e-05,2.9857494864183753e-07,0.9999999999999934
sample_0396,stop,log,PASS,0.00010776519775390625,1.0560465357635206e-06,0.999999999999913
sample_0396,stop,normalize,PASS,2.2351741790771484e-05,2.197513534309398e-07,0.9999999999996995
sample_0397,stop,fft,PASS,3.0517578125e-05,5.932557540739822e-08,0.9999999999999933
sample_0397,stop,mel,PASS,3.0517578125e-05,1.2934892548913966e-07,0.9999999999999948
sample_0397,stop,log,PASS,3.147125244140625e-05,1.0583685747910255e-06,0.9999999999999735
sample_0397,stop,normalize,PASS,6.556510925292969e-06,2.2045908888973673e-07,0.9999999999998819
sample_0398,stop,fft,PASS,0.0001220703125,5.994514652324012e-08,0.9999999999999859
sample_0398,stop,mel,PASS,6.103515625e-05,1.2944556109619097e-07,0.9999999999999937
sample_0398,stop,log,PASS,0.00020503997802734375,7.339486089249206e-07,0.9999999999998955
sample_0398,stop,normalize,PASS,4.26173210144043e-05,1.523559680352642e-07,0.999999999999622
sample_0399,stop,fft,PASS,0.0001220703125,1.5665082628931442e-07,0.9999999999999927
sample_0399,stop,mel,PASS,0.0001220703125,4.1856681181877587e-07,0.9999999999999932
sample_0399,stop,log,PASS,6.771087646484375e-05,1.0888261160721637e-06,0.9999999999999132
sample_0399,stop,normalize,PASS,1.4066696166992188e-05,2.263893500387687e-07,0.9999999999997277
sample_0400,stop,fft,PASS,9.1552734375e-05,1.273448710910671e-07,0.999999999999992
sample_0400,stop,mel,PASS,6.103515625e-05,2.9837275455641486e-07,0.9999999999999951
sample_0400,stop,log,PASS,4.38690185546875e-05,7.286350707302221e-07,0.9999999999999738
sample_0400,stop,normalize,PASS,9.119510650634766e-06,1.511200941809641e-07,0.9999999999999194
sample_0401,stop,fft,PASS,0.000244140625,3.185177069569732e-07,0.9999999999999937
sample_0401,stop,mel,PASS,0.00018310546875,8.214008461875102e-07,0.9999999999999951
sample_0401,stop,log,PASS,0.00030612945556640625,1.1883916662969064e-06,0.9999999999996408
sample_0401,stop,normalize,PASS,6.35385513305664e-05,2.4613299870853185e-07,0.9999999999990212
sample_0402,stop,fft,PASS,0.0001220703125,1.0933807633620738e-07,0.9999999999999921
sample_0402,stop,mel,PASS,0.0001220703125,2.799856915950713e-07,0.9999999999999936
sample_0402,stop,log,PASS,0.00027179718017578125,1.3300949840323473e-06,0.9999999999995485
sample_0402,stop,normalize,PASS,5.638599395751953e-05,2.7533468088978847e-07,0.9999999999984596
sample_0403,stop,fft,PASS,0.0001220703125,1.3147578672907416e-07,0.9999999999999943
sample_0403,stop,mel,PASS,0.0001220703125,3.506222312400267e-07,0.9999999999999944
sample_0403,stop,log,PASS,0.00014591217041015625,9.280632337610615e-07,0.9999999999998592
sample_0403,stop,normalize,PASS,3.0279159545898438e-05,1.9217591981563744e-07,0.9999999999994775
sample_0404,stop,fft,PASS,3.0517578125e-05,6.126886785018141e-08,0.9999999999999897
sample_0404,stop,mel,PASS,3.0517578125e-05,1.546957401659149e-07,0.9999999999999912
sample_0404,stop,log,PASS,8.392333984375e-05,6.59696542972579e-07,0.9999999999999329
sample_0404,stop,normalize,PASS,1.7404556274414062e-05,1.364293740774127e-07,0.9999999999996882
sample_0405,stop,fft,PASS,6.103515625e-05,9.273366645675933e-08,0.9999999999999916
sample_0405,stop,mel,PASS,6.103515625e-05,2.2886961903445524e-07,0.9999999999999927
sample_0405,stop,log,PASS,9.72747802734375e-05,6.134963732980432e-07,0.9999999999999378
sample_0405,stop,normalize,PASS,2.014636993408203e-05,1.2778927346444827e-07,0.9999999999997532
sample_0406,stop,fft,PASS,9.1552734375e-05,3.832036013171381e-07,0.9999999999999908
sample_0406,stop,mel,PASS,0.00018310546875,8.697701907435669e-07,0.9999999999999932
sample_0406,stop,log,PASS,9.1552734375e-05,5.168871693697811e-07,0.9999999999999487
sample_0406,stop,normalize,PASS,1.901388168334961e-05,1.0701462250124515e-07,0.999999999999896
sample_0407,stop,fft,PASS,0.0001220703125,1.584977318357512e-07,0.9999999999999915
sample_0407,stop,mel,PASS,0.0001220703125,4.3133214702266553e-07,0.9999999999999919
sample_0407,stop,log,PASS,5.14984130859375e-05,9.223887072138415e-07,0.999999999999956
sample_0407,stop,normalize,PASS,1.0609626770019531e-05,1.9150090815630826e-07,0.9999999999998505
sample_0408,stop,fft,PASS,7.62939453125e-06,1.4388478616741393e-08,0.9999999999999887
sample_0408,stop,mel,PASS,7.62939453125e-06,3.487530340205782e-08,0.9999999999999915
sample_0408,stop,log,PASS,5.054473876953125e-05,4.1981529828280874e-07,0.999999999999978
sample_0408,stop,normalize,PASS,1.049041748046875e-05,8.711764743259998e-08,0.9999999999998992
sample_0409,stop,fft,PASS,0.0001220703125,1.546426041677154e-07,0.9999999999999947
sample_0409,stop,mel,PASS,9.1552734375e-05,3.504164856632354e-07,0.9999999999999958
sample_0409,stop,log,PASS,5.91278076171875e-05,7.801950997949605e-07,0.9999999999999561
sample_0409,stop,normalize,PASS,1.2278556823730469e-05,1.6195806190555933e-07,0.9999999999998747
sample_0410,stop,fft,PASS,6.103515625e-05,1.2018697599969891e-07,0.999999999999993
sample_0410,stop,mel,PASS,6.103515625e-05,2.7830152394484685e-07,0.9999999999999952
sample_0410,stop,log,PASS,9.72747802734375e-05,5.563092734987414e-07,0.9999999999999684
sample_0410,stop,normalize,PASS,2.0205974578857422e-05,1.1592159227244464e-07,0.9999999999999021
sample_0411,stop,fft,PASS,9.1552734375e-05,1.200326420119003e-07,0.9999999999999916
sample_0411,stop,mel,PASS,9.1552734375e-05,3.078247388195193e-07,0.9999999999999927
sample_0411,stop,log,PASS,0.00010585784912109375,6.225505461374593e-07,0.9999999999999472
sample_0411,stop,normalize,PASS,2.199411392211914e-05,1.299677654123395e-07,0.9999999999997768
sample_0412,stop,fft,PASS,1.1444091796875e-05,1.9861167173356313e-08,0.9999999999999851
sample_0412,stop,mel,PASS,1.1444091796875e-05,4.929352154635537e-08,0.9999999999999879
sample_0412,stop,log,PASS,3.4332275390625e-05,6.906589663744268e-07,0.9999999999999737
sample_0412,stop,normalize,PASS,7.092952728271484e-06,1.43013166827118e-07,0.9999999999998953
sample_0413,stop,fft,PASS,1.9073486328125e-06,1.8837094719546255e-09,0.9999999999999888
sample_0413,stop,mel,PASS,9.5367431640625e-07,4.613116669738623e-09,0.9999999999999923
sample_0413,stop,log,PASS,1.9073486328125e-05,5.208995650835926e-07,0.9999999999999938
sample_0413,stop,normalize,PASS,4.0531158447265625e-06,1.08284205628542e-07,0.9999999999999505
sample_0414,stop,fft,PASS,1.52587890625e-05,4.159805962110534e-08,0.9999999999999909
sample_0414,stop,mel,PASS,9.5367431640625e-06,7.861682093442879e-08,0.9999999999999952
sample_0414,stop,log,PASS,3.528594970703125e-05,1.0901092555106499e-06,0.9999999999999057
sample_0414,stop,normalize,PASS,7.331371307373047e-06,2.2608325779590742e-07,0.9999999999997666
sample_0415,stop,fft,PASS,3.0517578125e-05,5.977371293294231e-08,0.9999999999999956
sample_0415,stop,mel,PASS,3.0517578125e-05,1.3178726675234597e-07,0.999999999999997
sample_0415,stop,log,PASS,6.866455078125e-05,4.327197854250374e-07,0.999999999999988
sample_0415,stop,normalize,PASS,1.424551010131836e-05,8.895910405674903e-08,0.9999999999999581
sample_0416,stop,fft,PASS,4.57763671875e-05,1.8385003734187797e-08,0.9999999999999887
sample_0416,stop,mel,PASS,4.57763671875e-05,4.0402340316010135e-08,0.9999999999999923
sample_0416,stop,log,PASS,1.8596649169921875e-05,2.70417232140161e-07,0.9999999999999981
sample_0416,stop,normalize,PASS,3.859400749206543e-06,5.5869287000922946e-08,0.9999999999999873
sample_0417,up,fft,PASS,3.0517578125e-05,4.9832296636182353e-08,0.9999999999999931
sample_0417,up,mel,PASS,3.0517578125e-05,1.1848780244559021e-07,0.9999999999999939
sample_0417,up,log,PASS,4.863739013671875e-05,4.979529777382694e-07,0.999999999999988
sample_0417,up,normalize,PASS,1.0073184967041016e-05,1.0339153779550722e-07,0.9999999999999531
sample_0418,up,fft,PASS,3.814697265625e-06,3.6043916444248303e-09,0.9999999999999917
sample_0418,up,mel,PASS,3.814697265625e-06,8.659912128428862e-09,0.9999999999999952
sample_0418,up,log,PASS,4.673004150390625e-05,2.6193922869676706e-07,0.9999999999999916
sample_0418,up,normalize,PASS,9.655952453613281e-06,5.4050455745898875e-08,0.9999999999999418
sample_0419,up,fft,PASS,2.288818359375e-05,1.7768073485813058e-08,0.9999999999999932
sample_0419,up,mel,PASS,1.52587890625e-05,4.7060695538523125e-08,0.9999999999999952
sample_0419,up,log,PASS,0.00010204315185546875,7.735450186139655e-07,0.9999999999999457
sample_0419,up,normalize,PASS,2.1159648895263672e-05,1.610909712686443e-07,0.9999999999996533
sample_0420,up,fft,PASS,5.7220458984375e-06,8.283892925361173e-09,0.9999999999999932
sample_0420,up,mel,PASS,4.76837158203125e-06,2.1392446731541365e-08,0.9999999999999944
sample_0420,up,log,PASS,4.00543212890625e-05,8.800847047829245e-07,0.9999999999999658
sample_0420,up,normalize,PASS,8.285045623779297e-06,1.8294093312608024e-07,0.9999999999998063
sample_0421,up,fft,PASS,5.7220458984375e-06,7.210228835174277e-09,0.9999999999999934
sample_0421,up,mel,PASS,3.814697265625e-06,1.646705010413447e-08,0.9999999999999954
sample_0421,up,log,PASS,7.82012939453125e-05,9.439777701604411e-07,0.99999999999992
sample_0421,up,normalize,PASS,1.627206802368164e-05,1.96194486135829e-07,0.9999999999994476
sample_0422,up,fft,PASS,0.0001220703125,3.068436229066011e-07,0.9999999999999895
sample_0422,up,mel,PASS,0.0001220703125,7.82311137797646e-07,0.9999999999999922
sample_0422,up,log,PASS,0.0007476806640625,4.783656081734548e-06,0.9999999999943554
sample_0422,up,normalize,PASS,0.0001552104949951172,9.921453457167498e-07,0.9999999999880858
sample_0423,up,fft,PASS,1.9073486328125e-06,2.6148872085499255e-09,0.9999999999999941
sample_0423,up,mel,PASS,5.960464477539062e-07,4.475436083334943e-09,0.999999999999993
sample_0423,up,log,PASS,1.52587890625e-05,2.0048506791348394e-07,0.9999999999999983
sample_0423,up,normalize,PASS,3.159046173095703e-06,4.178934999583704e-08,0.9999999999999898
sample_0424,up,fft,PASS,0.0001220703125,1.4207585750914906e-07,0.9999999999999966
sample_0424,up,mel,PASS,0.000244140625,4.1828585768718536e-07,0.9999999999999961
sample_0424,up,log,PASS,0.0004930496215820312,1.3605866403697004e-06,0.9999999999987851
sample_0424,up,normalize,PASS,0.0001024007797241211,2.825840166485367e-07,0.999999999994286
sample_0425,up,fft,PASS,0.0001220703125,2.0597608850070433e-07,0.9999999999999977
sample_0425,up,mel,PASS,0.000244140625,5.429346239568508e-07,0.9999999999999973
sample_0425,up,log,PASS,1.5735626220703125e-05,2.485428219845537e-07,0.9999999999999954
sample_0425,up,normalize,PASS,3.2782554626464844e-06,5.1547530266262665e-08,0.9999999999999855
sample_0426,up,fft,PASS,3.814697265625e-06,3.4977822847643243e-09,0.9999999999999934
sample_0426,up,mel,PASS,1.9073486328125e-06,8.438279325009818e-09,0.9999999999999962
sample_0426,up,log,PASS,4.1961669921875e-05,7.156450730762306e-07,0.9999999999999851
sample_0426,up,normalize,PASS,8.702278137207031e-06,1.487473722104684e-07,0.9999999999999246
sample_0427,up,fft,PASS,4.57763671875e-05,4.982330550858783e-08,0.9999999999999921
sample_0427,up,mel,PASS,4.57763671875e-05,1.1788018025730997e-07,0.9999999999999942
sample_0427,up,log,PASS,0.0001850128173828125,5.737134541608485e-07,0.999999999999907
sample_0427,up,normalize,PASS,3.8504600524902344e-05,1.1867235308849253e-07,0.9999999999994622
sample_0428,up,fft,PASS,6.103515625e-05,5.359860130023205e-08,0.9999999999999915
sample_0428,up,mel,PASS,3.814697265625e-05,1.2531851689041517e-07,0.9999999999999946
sample_0428,up,log,PASS,1.33514404296875e-05,2.689119013450523e-07,0.9999999999999946
sample_0428,up,normalize,PASS,2.771615982055664e-06,5.5739512912857596e-08,0.9999999999999674
sample_0429,up,fft,PASS,4.57763671875e-05,2.2907427735901138e-08,0.9999999999999849
sample_0429,up,mel,PASS,3.0517578125e-05,6.015575769087003e-08,0.9999999999999912
sample_0429,up,log,PASS,4.57763671875e-05,4.907248721522565e-07,0.9999999999999698
sample_0429,up,normalize,PASS,9.47713851928711e-06,1.0167334471814251e-07,0.999999999999833
sample_0430,up,fft,PASS,1.9073486328125e-06,2.0789040568787e-09,0.9999999999999937
sample_0430,up,mel,PASS,1.430511474609375e-06,5.6798831776508324e-09,0.9999999999999929
sample_0430,up,log,PASS,2.86102294921875e-05,5.379468456168871e-07,0.9999999999999886
sample_0430,up,normalize,PASS,5.9604644775390625e-06,1.122302864591757e-07,0.9999999999999141
sample_0431,up,fft,PASS,0.0001220703125,1.156379734532929e-07,0.9999999999999936
sample_0431,up,mel,PASS,9.1552734375e-05,2.634747671262705e-07,0.9999999999999959
sample_0431,up,log,PASS,0.000308990478515625,1.2944697253728783e-06,0.9999999999995991
sample_0431,up,normalize,PASS,6.413459777832031e-05,2.6870082653505673e-07,0.9999999999984539
sample_0432,up,fft,PASS,0.0001220703125,7.630249645247903e-08,0.9999999999999953
sample_0432,up,mel,PASS,6.103515625e-05,1.7450605411300563e-07,0.999999999999997
sample_0432,up,log,PASS,0.00020122528076171875,6.21378450599121e-07,0.999999999999782
sample_0432,up,normalize,PASS,4.178285598754883e-05,1.2964023926092478e-07,0.9999999999989393
sample_0433,up,fft,PASS,9.1552734375e-05,5.9018312027562075e-08,0.9999999999999912
sample_0433,up,mel,PASS,6.103515625e-05,1.32017640961896e-07,0.9999999999999947
sample_0433,up,log,PASS,0.00031375885009765625,2.76003409831757e-06,0.9999999999988483
sample_0433,up,normalize,PASS,6.508827209472656e-05,5.732470184523096e-07,0.999999999995894
sample_0434,up,fft,PASS,2.288818359375e-05,2.174543040843998e-08,0.999999999999994
sample_0434,up,mel,PASS,1.9073486328125e-05,5.7529984784832943e-08,0.9999999999999944
sample_0434,up,log,PASS,5.91278076171875e-05,1.1200500011909753e-06,0.9999999999999271
sample_0434,up,normalize,PASS,1.2278556823730469e-05,2.3246778228255634e-07,0.9999999999996697
sample_0435,up,fft,PASS,7.62939453125e-06,2.1210417292647428e-08,0.999999999999995
sample_0435,up,mel,PASS,1.1444091796875e-05,5.231257942669904e-08,0.9999999999999953
sample_0435,up,log,PASS,0.00019073486328125,1.253737329786625e-06,0.9999999999998654
sample_0435,up,normalize,PASS,3.9577484130859375e-05,2.5969324503808587e-07,0.9999999999993857
sample_0436,up,fft,PASS,7.62939453125e-05,5.8716741430576496e-08,0.9999999999999938
sample_0436,up,mel,PASS,9.1552734375e-05,1.627283280776369e-07,0.9999999999999932
sample_0436,up,log,PASS,6.29425048828125e-05,4.917059017640381e-07,0.9999999999999781
sample_0436,up,normalize,PASS,1.3068318367004395e-05,1.0210386439085947e-07,0.9999999999998894
sample_0437,up,fft,PASS,3.0517578125e-05,6.215274846007845e-08,0.9999999999999916
sample_0437,up,mel,PASS,2.288818359375e-05,1.542518092589598e-07,0.9999999999999944
sample_0437,up,log,PASS,2.09808349609375e-05,4.4081767411247854e-07,0.9999999999999833
sample_0437,up,normalize,PASS,4.351139068603516e-06,9.117544133986673e-08,0.9999999999999586
sample_0438,up,fft,PASS,9.1552734375e-05,1.2720655919423032e-07,0.9999999999999926
sample_0438,up,mel,PASS,6.103515625e-05,3.3811047922384634e-07,0.9999999999999938
sample_0438,up,log,PASS,0.00013637542724609375,7.395182464198016e-07,0.9999999999999215
sample_0438,up,normalize,PASS,2.8312206268310547e-05,1.5356658652740633e-07,0.9999999999996828
sample_0439,up,fft,PASS,0.0001220703125,1.0108372113764481e-07,0.9999999999999938
sample_0439,up,mel,PASS,0.0001220703125,2.566078249426516e-07,0.9999999999999953
sample_0439,up,log,PASS,8.487701416015625e-05,7.594886609343904e-07,0.9999999999999332
sample_0439,up,normalize,PASS,1.761317253112793e-05,1.5787064976303546e-07,0.9999999999997318
sample_0440,up,fft,PASS,1.52587890625e-05,2.5747906572810613e-08,0.9999999999999944
sample_0440,up,mel,PASS,1.52587890625e-05,5.894797071592685e-08,0.9999999999999961
sample_0440,up,log,PASS,4.76837158203125e-05,5.243350417436202e-07,0.9999999999999756
sample_0440,up,normalize,PASS,9.894371032714844e-06,1.0880807851640609e-07,0.9999999999998597
sample_0441,up,fft,PASS,1.52587890625e-05,4.063748845810602e-08,0.9999999999999929
sample_0441,up,mel,PASS,2.288818359375e-05,9.124304673749443e-08,0.9999999999999937
sample_0441,up,log,PASS,2.6702880859375e-05,3.607728473016863e-07,0.9999999999999849
sample_0441,up,normalize,PASS,5.543231964111328e-06,7.50922792198397e-08,0.9999999999999221
sample_0442,up,fft,PASS,0.000244140625,2.4251469402246887e-07,0.999999999999992
sample_0442,up,mel,PASS,0.0001220703125,6.350092148655994e-07,0.9999999999999946
sample_0442,up,log,PASS,9.250640869140625e-05,9.275144122403788e-07,0.9999999999998191
sample_0442,up,normalize,PASS,1.919269561767578e-05,1.9234877783836252e-07,0.999999999999466
sample_0443,up,fft,PASS,4.76837158203125e-06,7.793578954705366e-09,0.9999999999999927
sample_0443,up,mel,PASS,5.7220458984375e-06,2.0381304641242385e-08,0.9999999999999929
sample_0443,up,log,PASS,9.059906005859375e-05,5.311800249377357e-07,0.9999999999999644
sample_0443,up,normalize,PASS,1.8715858459472656e-05,1.1045499782580513e-07,0.9999999999997107
sample_0444,up,fft,PASS,0.0001220703125,6.490841783410468e-08,0.9999999999999917
sample_0444,up,mel,PASS,0.0001220703125,1.864843129595779e-07,0.9999999999999918
sample_0444,up,log,PASS,0.00017452239990234375,9.909654001585476e-07,0.999999999999882
sample_0444,up,normalize,PASS,3.62396240234375e-05,2.0584160562192314e-07,0.9999999999994602
sample_0445,up,fft,PASS,4.57763671875e-05,6.679511003177173e-08,0.9999999999999869
sample_0445,up,mel,PASS,3.0517578125e-05,1.7679264683606533e-07,0.9999999999999897
sample_0445,up,log,PASS,2.3365020751953125e-05,4.1727431416442377e-07,0.9999999999999922
sample_0445,up,normalize,PASS,4.842877388000488e-06,8.629527061688944e-08,0.9999999999999566
sample_0446,up,fft,PASS,9.1552734375e-05,6.966200602260307e-08,0.9999999999999922
sample_0446,up,mel,PASS,9.1552734375e-05,1.8091508972930416e-07,0.9999999999999928
sample_0446,up,log,PASS,3.337860107421875e-05,7.006121161947082e-07,0.9999999999999877
sample_0446,up,normalize,PASS,6.9141387939453125e-06,1.4464406754852084e-07,0.9999999999999519
sample_0447,up,fft,PASS,0.00018310546875,1.4201962611069709e-07,0.9999999999999951
sample_0447,up,mel,PASS,0.00018310546875,3.8389844748236766e-07,0.9999999999999936
sample_0447,up,log,PASS,6.103515625e-05,6.414249745119216e-07,0.9999999999999563
sample_0447,up,normalize,PASS,1.2695789337158203e-05,1.3342275118396506e-07,0.9999999999998256
sample_0448,up,fft,PASS,9.1552734375e-05,1.1016361986291634e-07,0.9999999999999918
sample_0448,up,mel,PASS,0.0001220703125,2.3382863425066052e-07,0.9999999999999939
sample_0448,up,log,PASS,1.049041748046875e-05,2.1761956988916835e-07,0.9999999999999984
sample_0448,up,normalize,PASS,2.2649765014648438e-06,4.510715515076155e-08,0.9999999999999949
sample_0449,up,fft,PASS,6.103515625e-05,6.75266865859328e-08,0.9999999999999954
sample_0449,up,mel,PASS,0.0001220703125,1.7608927822765902e-07,0.9999999999999951
sample_0449,up,log,PASS,3.719329833984375e-05,4.6859530821076067e-07,0.9999999999999881
sample_0449,up,normalize,PASS,7.718801498413086e-06,9.784392177877661e-08,0.9999999999999455
sample_0450,up,fft,PASS,6.103515625e-05,5.639503670563485e-08,0.9999999999999938
sample_0450,up,mel,PASS,6.103515625e-05,1.3926061384809416e-07,0.9999999999999952
sample_0450,up,log,PASS,2.956390380859375e-05,2.7758858885874254e-07,0.9999999999999923
sample_0450,up,normalize,PASS,6.1318278312683105e-06,5.755378487544413e-08,0.9999999999999488
sample_0451,up,fft,PASS,3.0517578125e-05,1.9562039094811818e-08,0.9999999999999919
sample_0451,up,mel,PASS,3.0517578125e-05,4.8994967664930805e-08,0.9999999999999931
sample_0451,up,log,PASS,5.435943603515625e-05,7.000651226683271e-07,0.9999999999999597
sample_0451,up,normalize,PASS,1.1265277862548828e-05,1.455668062040822e-07,0.9999999999997476
sample_0452,up,fft,PASS,6.103515625e-05,1.1229753897575953e-07,0.9999999999999944
sample_0452,up,mel,PASS,4.57763671875e-05,2.5090888902644724e-07,0.9999999999999962
sample_0452,up,log,PASS,5.7220458984375e-05,4.983165775112217e-07,0.9999999999999745
sample_0452,up,normalize,PASS,1.1861324310302734e-05,1.0355106856913702e-07,0.999999999999899
sample_0453,up,fft,PASS,1.52587890625e-05,2.7559926993746074e-08,0.9999999999999948
sample_0453,up,mel,PASS,1.52587890625e-05,7.913604960081686e-08,0.9999999999999952
sample_0453,up,log,PASS,4.76837158203125e-05,4.274880117045181e-07,0.9999999999999893
sample_0453,up,normalize,PASS,9.894371032714844e-06,8.893348962428178e-08,0.9999999999999535
sample_0454,up,fft,PASS,3.0517578125e-05,4.1145495947404477e-08,0.9999999999999953
sample_0454,up,mel,PASS,3.0517578125e-05,1.1117070040754341e-07,0.999999999999996
sample_0454,up,log,PASS,0.00025653839111328125,1.3149984795853754e-06,0.9999999999995164
sample_0454,up,normalize,PASS,5.328655242919922e-05,2.7325730719318325e-07,0.9999999999976791
sample_0455,up,fft,PASS,6.103515625e-05,7.542750295495397e-08,0.999999999999993
sample_0455,up,mel,PASS,6.103515625e-05,1.8346860660511175e-07,0.9999999999999958
sample_0455,up,log,PASS,0.0001964569091796875,6.201969359374356e-07,0.9999999999999126
sample_0455,up,normalize,PASS,4.076957702636719e-05,1.2878102790979244e-07,0.9999999999996548
sample_0456,up,fft,PASS,4.57763671875e-05,8.319135661176349e-08,0.9999999999999936
sample_0456,up,mel,PASS,6.103515625e-05,2.0182392249404076e-07,0.9999999999999933
sample_0456,up,log,PASS,2.384185791015625e-05,4.576865135862649e-07,0.9999999999999907
sample_0456,up,normalize,PASS,4.947185516357422e-06,9.535662373687812e-08,0.9999999999999538
sample_0457,up,fft,PASS,2.288818359375e-05,2.5950125335186506e-08,0.9999999999999885
sample_0457,up,mel,PASS,1.9073486328125e-05,7.080137769067124e-08,0.9999999999999907
sample_0457,up,log,PASS,7.343292236328125e-05,5.230990654586049e-07,0.9999999999999792
sample_0457,up,normalize,PASS,1.519918441772461e-05,1.0841205660807025e-07,0.9999999999999152
sample_0458,up,fft,PASS,3.0517578125e-05,2.435937052378848e-08,0.9999999999999901
sample_0458,up,mel,PASS,3.0517578125e-05,5.7767363737411025e-08,0.9999999999999939
sample_0458,up,log,PASS,4.76837158203125e-05,4.744097978881754e-07,0.9999999999999776
sample_0458,up,normalize,PASS,9.894371032714844e-06,9.842977144018895e-08,0.9999999999998835
sample_0459,yes,fft,PASS,9.1552734375e-05,6.748263759757848e-08,0.999999999999996
sample_0459,yes,mel,PASS,6.103515625e-05,1.5673782984417003e-07,0.9999999999999967
sample_0459,yes,log,PASS,0.0001468658447265625,2.188795424264736e-06,0.9999999999996897
sample_0459,yes,normalize,PASS,3.0517578125e-05,4.550043596813483e-07,0.9999999999990996
sample_0460,yes,fft,PASS,0.0003662109375,2.972596268473762e-07,0.9999999999999866
sample_0460,yes,mel,PASS,0.0003662109375,8.14280689364737e-07,0.9999999999999856
sample_0460,yes,log,PASS,6.866455078125e-05,7.345161156090308e-07,0.9999999999999463
sample_0460,yes,normalize,PASS,1.430511474609375e-05,1.524333651338953e-07,0.9999999999998564
sample_0461,yes,fft,PASS,0.0003662109375,2.2902478957715677e-07,0.9999999999999908
sample_0461,yes,mel,PASS,0.0003662109375,5.933972293514997e-07,0.9999999999999908
sample_0461,yes,log,PASS,6.67572021484375e-05,7.366229758442594e-07,0.9999999999999154
sample_0461,yes,normalize,PASS,1.3887882232666016e-05,1.5309822939874864e-07,0.9999999999998125
sample_0462,yes,fft,PASS,6.103515625e-05,7.58019423569853e-08,0.999999999999995
sample_0462,yes,mel,PASS,6.103515625e-05,1.681856343742693e-07,0.9999999999999962
sample_0462,yes,log,PASS,0.00020313262939453125,9.599513246615575e-07,0.9999999999998563
sample_0462,yes,normalize,PASS,4.220008850097656e-05,1.9970306230689937e-07,0.9999999999995766
sample_0463,yes,fft,PASS,2.288818359375e-05,2.077817514240002e-08,0.9999999999999921
sample_0463,yes,mel,PASS,1.52587890625e-05,5.098980138448261e-08,0.9999999999999951
sample_0463,yes,log,PASS,4.57763671875e-05,4.856478836241012e-07,0.9999999999999685
sample_0463,yes,normalize,PASS,9.5367431640625e-06,1.0086424562458806e-07,0.9999999999998334
sample_0464,yes,fft,PASS,0.000244140625,4.270038951269063e-07,0.9999999999999933
sample_0464,yes,mel,PASS,0.000244140625,9.342663929882661e-07,0.9999999999999956
sample_0464,yes,log,PASS,4.482269287109375e-05,1.306797845011328e-06,0.9999999999999296
sample_0464,yes,normalize,PASS,9.298324584960938e-06,2.710053330260827e-07,0.9999999999998682
sample_0465,yes,fft,PASS,3.0517578125e-05,3.586514243065643e-08,0.9999999999999893
sample_0465,yes,mel,PASS,3.0517578125e-05,9.24042277608726e-08,0.9999999999999892
sample_0465,yes,log,PASS,3.719329833984375e-05,4.3291861357370223e-07,0.9999999999999878
sample_0465,yes,normalize,PASS,7.68899917602539e-06,8.960424646928833e-08,0.9999999999999557
sample_0466,yes,fft,PASS,0.000244140625,4.00143839405082e-07,0.9999999999999928
sample_0466,yes,mel,PASS,0.00018310546875,9.668830009066507e-07,0.9999999999999949
sample_0466,yes,log,PASS,0.00043964385986328125,4.1721745003429745e-06,0.9999999999961557
sample_0466,yes,normalize,PASS,9.119510650634766e-05,8.659972802051205e-07,0.9999999999929969
sample_0467,yes,fft,PASS,0.000244140625,3.176703883555537e-07,0.9999999999999937
sample_0467,yes,mel,PASS,0.00018310546875,8.917787672559665e-07,0.9999999999999937
sample_0467,yes,log,PASS,0.000370025634765625,3.62896825397839e-06,0.9999999999957467
sample_0467,yes,normalize,PASS,7.677078247070312e-05,7.536811652487201e-07,0.9999999999939541
sample_0468,yes,fft,PASS,3.814697265625e-05,1.5957443451949127e-07,0.9999999999999882
sample_0468,yes,mel,PASS,6.103515625e-05,2.814345334644317e-07,0.999999999999995
sample_0468,yes,log,PASS,7.62939453125e-06,4.044363006167007e-07,0.999999999999992
sample_0468,yes,normalize,PASS,1.6093254089355469e-06,8.368759734925207e-08,0.999999999999984
sample_0469,yes,fft,PASS,7.62939453125e-06,1.0707920443669265e-08,0.9999999999999906
sample_0469,yes,mel,PASS,5.7220458984375e-06,2.580542558077225e-08,0.9999999999999923
sample_0469,yes,log,PASS,2.002716064453125e-05,8.432558469493334e-07,0.9999999999999833
sample_0469,yes,normalize,PASS,4.172325134277344e-06,1.74927985390601e-07,0.9999999999998833
sample_0470,yes,fft,PASS,2.6702880859375e-05,5.4076561273238724e-08,0.9999999999999899
sample_0470,yes,mel,PASS,2.288818359375e-05,1.473786711437929e-07,0.9999999999999901
sample_0470,yes,log,PASS,4.57763671875e-05,5.579676605457911e-07,0.9999999999999694
sample_0470,yes,normalize,PASS,9.47713851928711e-06,1.1560142312272645e-07,0.9999999999998833
sample_0471,yes,fft,PASS,2.86102294921875e-06,4.804633316093913e-09,0.9999999999999947
sample_0471,yes,mel,PASS,1.9073486328125e-06,1.0905604635518768e-08,0.9999999999999961
sample_0471,yes,log,PASS,7.152557373046875e-05,3.858242215044649e-07,0.9999999999999825
sample_0471,yes,normalize,PASS,1.4781951904296875e-05,7.99906719168017e-08,0.9999999999999062
sample_0472,yes,fft,PASS,1.52587890625e-05,3.262384170665403e-08,0.999999999999993
sample_0472,yes,mel,PASS,1.52587890625e-05,7.04576361346874e-08,0.9999999999999947
sample_0472,yes,log,PASS,5.626678466796875e-05,7.466931960927e-07,0.9999999999999629
sample_0472,yes,normalize,PASS,1.1682510375976562e-05,1.542545089592966e-07,0.9999999999998425
sample_0473,yes,fft,PASS,3.0517578125e-05,8.891880570499298e-08,0.9999999999999903
sample_0473,yes,mel,PASS,3.0517578125e-05,2.2190817166760042e-07,0.9999999999999936
sample_0473,yes,log,PASS,0.00035572052001953125,2.01221616344531e-06,0.9999999999987896
sample_0473,yes,normalize,PASS,7.37905502319336e-05,4.177831449329226e-07,0.999999999995685
sample_0474,yes,fft,PASS,2.288818359375e-05,5.4479923047223656e-08,0.9999999999999957
sample_0474,yes,mel,PASS,2.288818359375e-05,1.382415527573563e-07,0.9999999999999957
sample_0474,yes,log,PASS,0.0002040863037109375,1.0475305676700013e-06,0.9999999999994772
sample_0474,yes,normalize,PASS,4.2319297790527344e-05,2.1688516980167053e-07,0.999999999998408
sample_0475,yes,fft,PASS,1.9073486328125e-06,4.0161664441078886e-09,0.9999999999999936
sample_0475,yes,mel,PASS,1.9073486328125e-06,8.189606779386975e-09,0.9999999999999972
sample_0475,yes,log,PASS,5.14984130859375e-05,3.718793804821844e-07,0.9999999999999878
sample_0475,yes,normalize,PASS,1.0728836059570312e-05,7.738887265671533e-08,0.9999999999999412
sample_0476,yes,fft,PASS,3.0517578125e-05,4.415841492559233e-08,0.9999999999999944
sample_0476,yes,mel,PASS,3.0517578125e-05,1.22367014816455e-07,0.9999999999999951
sample_0476,yes,log,PASS,0.000232696533203125,2.1437746080763566e-06,0.9999999999992192
sample_0476,yes,normalize,PASS,4.8279762268066406e-05,4.4514492833739065e-07,0.9999999999969743
sample_0477,yes,fft,PASS,0.000152587890625,1.2654012222213027e-07,0.9999999999999922
sample_0477,yes,mel,PASS,0.0001220703125,3.0186860312674626e-07,0.999999999999994
sample_0477,yes,log,PASS,0.0004291534423828125,1.2817088483445493e-06,0.9999999999996516
sample_0477,yes,normalize,PASS,8.910894393920898e-05,2.660354127355916e-07,0.9999999999987668
sample_0478,yes,fft,PASS,4.57763671875e-05,4.232861941815048e-08,0.999999999999987
sample_0478,yes,mel,PASS,3.0517578125e-05,9.556080379148006e-08,0.9999999999999916
sample_0478,yes,log,PASS,2.574920654296875e-05,3.9559900230442237e-07,0.9999999999999922
sample_0478,yes,normalize,PASS,5.304813385009766e-06,8.232983769756733e-08,0.9999999999999726
sample_0479,yes,fft,PASS,6.103515625e-05,1.4251848888464913e-07,0.9999999999999921
sample_0479,yes,mel,PASS,6.103515625e-05,3.1977673788451055e-07,0.9999999999999941
sample_0479,yes,log,PASS,0.0001850128173828125,1.0206608704261316e-06,0.9999999999998209
sample_0479,yes,normalize,PASS,3.838539123535156e-05,2.1207278682550617e-07,0.9999999999995676
sample_0480,yes,fft,PASS,6.103515625e-05,5.047994569573258e-08,0.9999999999999916
sample_0480,yes,mel,PASS,4.57763671875e-05,1.3312276242447156e-07,0.999999999999991
sample_0480,yes,log,PASS,0.000331878662109375,2.5840281883610808e-06,0.9999999999986506
sample_0480,yes,normalize,PASS,6.890296936035156e-05,5.36451029059361e-07,0.9999999999954104
sample_0481,yes,fft,PASS,6.103515625e-05,8.538920543268514e-08,0.999999999999991
sample_0481,yes,mel,PASS,6.103515625e-05,2.4162487421758245e-07,0.999999999999992
sample_0481,yes,log,PASS,0.00031375885009765625,3.16601438831946e-06,0.9999999999990811
sample_0481,yes,normalize,PASS,6.508827209472656e-05,6.568975685254237e-07,0.9999999999970367
sample_0482,yes,fft,PASS,7.62939453125e-06,7.401351188265781e-09,0.9999999999999911
sample_0482,yes,mel,PASS,7.62939453125e-06,1.972186663889491e-08,0.999999999999993
sample_0482,yes,log,PASS,9.1552734375e-05,1.995894731723215e-06,0.999999999999835
sample_0482,yes,normalize,PASS,1.9073486328125e-05,4.140636853059399e-07,0.9999999999991962
sample_0483,yes,fft,PASS,3.0517578125e-05,3.2970900044645425e-08,0.9999999999999933
sample_0483,yes,mel,PASS,2.288818359375e-05,8.988996434329091e-08,0.9999999999999943
sample_0483,yes,log,PASS,0.00017070770263671875,3.5994856504955107e-06,0.999999999999351
sample_0483,yes,normalize,PASS,3.540515899658203e-05,7.471783079597684e-07,0.9999999999972439
sample_0484,yes,fft,PASS,5.7220458984375e-06,6.173282459290484e-09,0.9999999999999948
sample_0484,yes,mel,PASS,3.814697265625e-06,1.680185649356777e-08,0.9999999999999954
sample_0484,yes,log,PASS,9.441375732421875e-05,1.8719722785396816e-06,0.9999999999998201
sample_0484,yes,normalize,PASS,1.9550323486328125e-05,3.8952391988270467e-07,0.9999999999990344
sample_0485,yes,fft,PASS,0.0001220703125,7.036779235881799e-08,0.9999999999999934
sample_0485,yes,mel,PASS,0.0001220703125,2.0795583192530317e-07,0.9999999999999936
sample_0485,yes,log,PASS,8.392333984375e-05,1.291679647764984e-06,0.9999999999998032
sample_0485,yes,normalize,PASS,1.7404556274414062e-05,2.677738848433364e-07,0.999999999999072
sample_0486,yes,fft,PASS,1.52587890625e-05,2.264991914916044e-08,0.9999999999999933
sample_0486,yes,mel,PASS,1.52587890625e-05,5.32652446418407e-08,0.9999999999999947
sample_0486,yes,log,PASS,2.574920654296875e-05,3.7320569390431046e-07,0.9999999999999893
sample_0486,yes,normalize,PASS,5.364418029785156e-06,7.806652049994497e-08,0.9999999999999636
sample_0487,yes,fft,PASS,0.000244140625,2.056924192181068e-07,0.9999999999999938
sample_0487,yes,mel,PASS,0.000244140625,5.220520604412665e-07,0.9999999999999941
sample_0487,yes,log,PASS,0.00020503997802734375,9.731771786049432e-07,0.9999999999997596
sample_0487,yes,normalize,PASS,4.2557716369628906e-05,2.0192727437335076e-07,0.9999999999993997
sample_0488,yes,fft,PASS,6.103515625e-05,8.609577787283101e-08,0.9999999999999925
sample_0488,yes,mel,PASS,4.57763671875e-05,2.2736248834358056e-07,0.9999999999999932
sample_0488,yes,log,PASS,0.0001239776611328125,1.129490700273747e-06,0.9999999999996984
sample_0488,yes,normalize,PASS,2.574920654296875e-05,2.3423211195501544e-07,0.9999999999993338
sample_0489,yes,fft,PASS,9.1552734375e-05,9.273685535038141e-08,0.9999999999999911
sample_0489,yes,mel,PASS,6.103515625e-05,2.36925687484854e-07,0.9999999999999946
sample_0489,yes,log,PASS,0.000141143798828125,1.691605539595948e-06,0.9999999999997183
sample_0489,yes,normalize,PASS,2.9325485229492188e-05,3.5111820985134323e-07,0.999999999999152
sample_0490,yes,fft,PASS,2.288818359375e-05,3.889860220739416e-08,0.9999999999999922
sample_0490,yes,mel,PASS,2.288818359375e-05,8.013191609497442e-08,0.9999999999999942
sample_0490,yes,log,PASS,0.000152587890625,1.2065902050344808e-06,0.9999999999997362
sample_0490,yes,normalize,PASS,3.170967102050781e-05,2.507640331687341e-07,0.9999999999991048
sample_0491,yes,fft,PASS,5.7220458984375e-06,1.9817575087545854e-08,0.9999999999999901
sample_0491,yes,mel,PASS,5.7220458984375e-06,4.553933876858782e-08,0.9999999999999937
sample_0491,yes,log,PASS,3.337860107421875e-05,8.392131294926057e-07,0.9999999999999526
sample_0491,yes,normalize,PASS,6.9141387939453125e-06,1.7446803545987345e-07,0.9999999999998481
sample_0492,yes,fft,PASS,4.57763671875e-05,7.689520661642723e-08,0.9999999999999902
sample_0492,yes,mel,PASS,4.57763671875e-05,1.9696738341006337e-07,0.9999999999999933
sample_0492,yes,log,PASS,0.0001239776611328125,1.1265574087674665e-06,0.9999999999998267
sample_0492,yes,normalize,PASS,2.574920654296875e-05,2.3406276584252495e-07,0.9999999999992896
sample_0493,yes,fft,PASS,7.62939453125e-06,8.063558462711365e-09,0.9999999999999916
sample_0493,yes,mel,PASS,3.814697265625e-06,1.3342845071392198e-08,0.9999999999999918
sample_0493,yes,log,PASS,0.00011348724365234375,2.830611319410255e-06,0.9999999999998017
sample_0493,yes,normalize,PASS,2.3603439331054688e-05,5.8718364700758e-07,0.9999999999991779
sample_0494,yes,fft,PASS,9.1552734375e-05,1.5542945395866396e-07,0.9999999999999961
sample_0494,yes,mel,PASS,0.0001220703125,3.966512000027545e-07,0.9999999999999962
sample_0494,yes,log,PASS,0.00023937225341796875,3.6100643660799984e-07,0.9999999999999458
sample_0494,yes,normalize,PASS,4.971027374267578e-05,7.414641148366938e-08,0.9999999999998344
sample_0495,yes,fft,PASS,9.1552734375e-05,1.0834140773161082e-07,0.9999999999999925
sample_0495,yes,mel,PASS,6.103515625e-05,2.7494179603420865e-07,0.9999999999999943
sample_0495,yes,log,PASS,4.76837158203125e-05,3.5854812870972036e-07,0.9999999999999873
sample_0495,yes,normalize,PASS,9.894371032714844e-06,7.441252873291833e-08,0.9999999999999603
sample_0496,yes,fft,PASS,0.00018310546875,1.0981545252981195e-07,0.9999999999999907
sample_0496,yes,mel,PASS,0.0001220703125,2.8669415139593634e-07,0.9999999999999931
sample_0496,yes,log,PASS,9.918212890625e-05,9.083969776874804e-07,0.9999999999998732
sample_0496,yes,normalize,PASS,2.0563602447509766e-05,1.886598358108284e-07,0.999999999999634
sample_0497,yes,fft,PASS,3.0517578125e-05,4.509695149444463e-08,0.9999999999999931
sample_0497,yes,mel,PASS,3.0517578125e-05,1.0106645542174477e-07,0.9999999999999936
sample_0497,yes,log,PASS,0.0001583099365234375,1.8775486516982944e-06,0.9999999999996079
sample_0497,yes,normalize,PASS,3.2901763916015625e-05,3.8969162710375234e-07,0.9999999999988232
sample_0498,yes,fft,PASS,6.103515625e-05,5.922961510445367e-08,0.99999999999999
sample_0498,yes,mel,PASS,4.57763671875e-05,1.382224035527539e-07,0.9999999999999928
sample_0498,yes,log,PASS,0.00018024444580078125,8.918085057140872e-07,0.9999999999998791
sample_0498,yes,normalize,PASS,3.743171691894531e-05,1.8574115925406263e-07,0.9999999999995585
sample_0499,yes,fft,PASS,1.1444091796875e-05,8.725528286523436e-09,0.9999999999999947
sample_0499,yes,mel,PASS,5.7220458984375e-06,2.26489739614409e-08,0.9999999999999956
sample_0499,yes,log,PASS,3.910064697265625e-05,5.276965713065773e-07,0.9999999999999851
sample_0499,yes,normalize,PASS,8.106231689453125e-06,1.0929698594799726e-07,0.9999999999999101
sample_0500,yes,fft,PASS,9.1552734375e-05,1.1463575140295096e-07,0.9999999999999897
sample_0500,yes,mel,PASS,6.103515625e-05,2.93982578218404e-07,0.9999999999999916
sample_0500,yes,log,PASS,0.00018215179443359375,1.0686465853129026e-06,0.9999999999998016
sample_0500,yes,normalize,PASS,3.7789344787597656e-05,2.216140165899668e-07,0.9999999999993539
